"District","Division","Area","Club","Club Name","New","Late Ren.","Oct. Ren.","Apr. Ren.","Total Ren.","Total Chart","Total to Date","Distinguished Status","Charter Date/Suspend Date"
"121","0D","0A","07896844","ICSI Mysuru RoyalPro TM Club","12","0","0","0","0","0","12","",""
"121","A","01","01449300","Mysore Toastmasters","21","0","25","27","52","0","73","M",""
"121","A","01","06632488","VVCE TOASTMASTERS CLUB","13","0","22","21","43","0","56","S",""
"121","A","01","07992645","All Women and Entrepreneurs Toastmasters Club","11","0","11","15","26","0","37","P",""
"121","A","01","28678068","MIT Toastmasters","26","0","26","0","26","0","52","",""
"121","A","01","28680152","rProcess Toastmasters Club","0","0","0","0","0","21","21","","Charter 06/25/26"
"121","A","02","05953659","Ritoras","17","0","13","17","30","0","47","P",""
"121","A","02","06714857","Galaxy Toastmasters Club","29","0","23","25","48","0","77","M",""
"121","A","02","07772645","Namma Bengaluru Toastmasters Club","8","0","3","7","10","0","18","",""
"121","A","02","28678224","TE Services Toastmasters Club","54","0","9","9","18","0","72","D",""
"121","A","02","28678951","Welldoc Toastmasters","5","0","9","5","14","0","19","",""
"121","A","02","28679251","Terra","0","0","0","0","0","26","26","","Charter 09/30/25 Susp 03/31/26"
"121","A","03","03793772","Utthishta Toastmasters","28","0","59","46","105","0","133","M",""
"121","A","03","03926170","Textron India Toastmasters Club","23","0","22","27","49","0","72","M",""
"121","A","03","06479232","Mphasis Speech Crafters","31","0","14","11","25","0","56","M",""
"121","A","03","28678028","Namaste Orators","0","0","0","0","0","0","0",""," Susp 03/31/26"
"121","A","03","28678938","DSBA Toastmaster Club","19","0","14","7","21","0","40","D",""
"121","A","03","28679826","DSBA Toastmasters Legacy Club","0","0","0","27","27","27","54","","Charter 03/01/26"
"121","A","04","07991317","Eloquence Elixir Toastmasters","10","0","15","13","28","0","38","",""
"121","A","04","28675492","Professional Orators and Leaders TM Club","11","0","21","18","39","0","50","M",""
"121","A","04","28676363","Nagarabhavi Toastmasters Club","12","0","14","8","22","0","34","",""
"121","A","04","28677190","Christ Kengeri Club","15","0","19","13","32","0","47","",""
"121","A","04","28677268","ABBS Toastmasters Club","18","0","4","5","9","0","27","S",""
"121","A","05","00631732","Mahaveer Speakers Forum Toastmaster Club","7","0","14","8","22","0","29","",""
"121","A","05","00632019","Jain Speakers Forum Toastmasters Club","4","0","15","8","23","0","27","",""
"121","A","05","00843177","Talk Master CMS Toastmasters Club","2","0","16","8","24","0","26","",""
"121","A","05","00843182","Speech Master CMS Toastmasters Club","4","0","16","8","24","0","28","",""
"121","B","01","07335393","Shivamogga Toastmasters","5","0","5","7","12","0","17","",""
"121","B","01","28675426","Valyou Toastmasters","1","0","5","0","5","0","6",""," Susp 03/31/26"
"121","B","01","28676014","Autodesk Toastmasters Club","98","0","25","42","67","0","165","M",""
"121","B","01","28676901","Accenture Toasters","27","0","18","20","38","0","65","S",""
"121","B","01","28678720","Acharyas Speaking Forum","0","0","20","0","20","0","20","",""
"121","B","01","28678997","Paychex Catalyst Crew 2","18","0","0","0","0","55","73","","Charter 08/01/25"
"121","B","02","00000547","deejays Toastmasters","6","0","12","10","22","0","28","",""
"121","B","02","07734175","Republic of Toastmasters","23","0","8","10","18","0","41","P",""
"121","B","02","28677183","Titans Toastmasters Club","10","0","14","9","23","0","33","",""
"121","B","02","28678400","Voices of Pearson Toastmasters Club","23","0","26","11","37","0","60","D",""
"121","B","02","28678746","The Orator's Society","0","0","0","0","0","0","0",""," Susp 03/31/26"
"121","B","03","06975394","Toastmasters of HP","22","0","13","18","31","0","53","M",""
"121","B","03","07908984","RCB Griffin","13","0","19","12","31","0","44","M",""
"121","B","03","07908988","RCB Pegasus","13","0","17","12","29","0","42","M",""
"121","B","03","07908991","RCB Phoenix","0","0","14","8","22","0","22","",""
"121","B","03","28678996","Paychex Catalyst Crew 1","16","0","0","0","0","21","37","","Charter 08/01/25"
"121","B","03","28679255","Aurigo Toastbusters","0","0","0","0","0","26","26","","Charter 09/30/25 Susp 03/31/26"
"121","B","04","05868577","Bosch Raconteurs","12","0","21","18","39","0","51","P",""
"121","B","04","05998569","BMC Bengaluru Toastmasters Club","4","0","8","6","14","0","18","",""
"121","B","04","07934414","V R Advanced Toastmasters","5","0","15","18","33","0","38","S",""
"121","B","04","28677046","Bosch Adugodi","16","0","9","11","20","0","36","",""
"121","C","01","01389390","IIMB Orators Club","14","0","52","53","105","0","119","M",""
"121","C","01","07514725","LKQI Toastmasters Club","8","0","9","3","12","0","20","",""
"121","C","01","07762021","Christ Toastmasters Club","7","0","13","7","20","0","27","",""
"121","C","01","28678373","Sense-say-tional Toastmasters","2","0","12","5","17","0","19","",""
"121","C","02","00009639","Mecon Communication Club","26","0","26","33","59","0","85","M",""
"121","C","02","04329635","Tarento India Toastmasters Club","7","0","14","12","26","0","33","",""
"121","C","02","06584495","The Impressions","0","0","0","0","0","0","0",""," Susp 03/31/26"
"121","C","02","28675687","School of Commerce, Jain University Toastmasters","13","0","7","12","19","0","32","",""
"121","C","03","02188958","Koramangala Toastmasters Club","32","0","39","39","78","0","110","M",""
"121","C","03","06636162","BTM Toastmasters Club","19","0","20","19","39","0","58","M",""
"121","C","03","06636175","Clinisys Toastmasters Club","14","0","5","6","11","0","25","",""
"121","C","03","28676357","Ascend Trailblazers Toastmasters Club","0","0","0","0","0","0","0",""," Susp 03/31/26"
"121","C","03","28678910","Furlenco Toastmasters Club","5","0","11","11","22","0","27","",""
"121","C","03","28680500","eGov Toastmasters Club","0","0","0","0","0","30","30","","Charter 06/30/26"
"121","C","04","04410336","Dhwani Toastmasters","25","0","26","23","49","0","74","P",""
"121","C","04","07502654","Transcend Toastmasters Club","11","0","12","23","35","0","46","P",""
"121","C","04","07856506","Transcend Toastmasters Club - 2","13","0","10","23","33","0","46","P",""
"121","C","04","07962666","Transcend Toastmasters Club 3","9","0","14","21","35","0","44","P",""
"121","D","01","03984104","Calicut Toastmasters","18","0","19","19","38","0","56","M",""
"121","D","01","06750919","Kannur Toastmasters Club","5","0","9","7","16","0","21","",""
"121","D","01","28675444","Advanced Debate Club","2","0","8","10","18","0","20","",""
"121","D","01","28676179","Malabar Toastmasters Club","17","1","18","15","34","0","51","M",""
"121","D","02","01872178","Toastmasters Club Of Thrissur","17","0","20","17","37","0","54","M",""
"121","D","02","05915386","Enterprising Toastmasters of Palakkad","14","0","23","19","42","0","56","M",""
"121","D","02","07173481","Perinthalmanna Toastmasters Club","0","0","12","0","12","0","12","",""
"121","D","02","28676579","Kasaragod Toastmasters Club","10","0","4","3","7","0","17","",""
"121","D","02","28678457","Ayur Path Toastmasters Club","0","0","0","0","0","0","0",""," Susp 03/31/26"
"121","D","03","04327554","Orators Toastmasters","6","0","8","10","18","0","24","",""
"121","D","03","07814695","Thrissur Malayalam Toastmasters","2","0","9","8","17","0","19","",""
"121","D","03","07902228","ME Kerala Toastmasters Club","1","0","15","11","26","0","27","",""
"121","D","03","28675709","Sahrdaya Toastmasters Club","3","0","7","0","7","0","10","",""
"121","D","04","01207477","EKM Toastmasters","10","0","19","17","36","0","46","P",""
"121","D","04","07397586","Black Gold Toastmasters","6","0","16","18","34","0","40","",""
"121","D","04","07854448","Heritage Toastmasters","2","0","7","7","14","0","16","",""
"121","D","04","07877475","Cask Orators","22","0","21","24","45","0","67","M",""
"121","D","05","07527118","Lead Orators Toastmasters","0","0","0","0","0","0","0",""," Susp 03/31/26"
"121","D","05","07657832","Bioingredia Toastmasters Club","11","0","3","11","14","0","25","",""
"121","D","05","07847626","Lead Champions Toastmasters Club","0","0","3","0","3","0","3",""," Susp 03/31/26"
"121","D","05","07847628","LEAD THE WORLD TOASTMASTERS CLUB","0","0","3","0","3","0","3",""," Susp 03/31/26"
"121","E","01","03859695","IBC Titans Toastmasters Club","7","0","9","5","14","0","21","",""
"121","E","01","04113936","Infinera Toastmasters","6","0","20","22","42","0","48","S",""
"121","E","01","28676711","Melange Toastmasters Club","2","0","11","8","19","0","21","",""
"121","E","01","28676900","Acuity Toastmasters Open Mic","29","0","16","19","35","0","64","M",""
"121","E","02","05412566","RIPPLERS","35","0","23","21","44","0","79","M",""
"121","E","02","06427472","Lead India Speakers Club","19","0","12","13","25","0","44","P",""
"121","E","02","07711039","Words Worth Toastmasters","14","0","31","34","65","0","79","M",""
"121","E","02","28676701","Evolve Toastmasters","16","0","24","25","49","0","65","M",""
"121","E","03","02405453","vTalk Toastmasters Club","4","0","9","8","17","0","21","",""
"121","E","03","06831114","Leaders Speak","16","0","18","17","35","0","51","P",""
"121","E","03","07460211","WeSpeak Toastmasters Club","19","0","32","24","56","0","75","M",""
"121","E","03","28678473","Flexera Toastmasters","42","0","19","15","34","0","76","D",""
"121","E","04","00632425","CMS Speakers Forum Toastmasters Club","3","0","16","8","24","0","27","",""
"121","E","04","00725960","Jain Toastmasters Club","4","0","16","8","24","0","28","",""
"121","E","04","00726395","SBMJC Toastmasters Club","5","0","15","8","23","0","28","",""
"121","E","04","00726698","Mahaveer Toastmasters Club","4","0","15","8","23","0","27","",""
"121","F","01","03014292","TAPMI Toastmasters","10","0","10","8","18","0","28","",""
"121","F","01","03900632","Manipal-Udupi Toastmasters Club","13","0","9","10","19","0","32","S",""
"121","F","01","06843977","MAHE Toastmasters Club","21","0","25","26","51","0","72","M",""
"121","F","01","28676491","Udupi Toastmasters Club","14","0","12","9","21","0","35","",""
"121","F","02","00585650","Mangalore Club","8","0","34","30","64","0","72","M",""
"121","F","02","01600545","INSPIRON Toastmasters Club","0","0","10","8","18","0","18","",""
"121","F","02","07817375","Karavali Toastmasters Club","12","1","25","21","47","0","59","M",""
"121","F","02","07854374","Roshni Toastmasters Club","3","0","8","8","16","0","19","",""
"121","F","03","00003698","Winners Club ","10","0","22","21","43","0","53","M",""
"121","F","03","07325136","Bantwal Speech Weavers","12","0","16","15","31","0","43","P",""
"121","F","03","07860728","Yenunciate Toastmasters Club","20","0","3","16","19","0","39","",""
"121","F","03","07877748","Let's Debate Toastmasters Club","8","0","14","13","27","0","35","P",""
"121","F","03","28678782","Moodbidri Toastmasters Club","1","0","9","9","18","0","19","",""
"121","F","03","28680397","Uxcel Toastmasters Club","0","0","0","0","0","20","20","","Charter 06/23/26"
"121","F","04","02818428","Milagres Toastmasters","4","0","9","7","16","0","20","",""
"121","F","04","03965394","Port Town Advanced Toastmasters","16","0","28","22","50","0","66","M",""
"121","F","04","07575734","Agnesian Toastmasters","17","0","13","9","22","0","39","P",""
"121","F","04","28677717","Niveus Toastmasters Club","8","0","15","14","29","0","37","",""
"121","F","04","28678985","Champion Evaluators Advanced Toastmasters Club","7","0","25","18","43","0","50","S",""
"121","F","05","01597746","ProAct Toastmasters Club","14","0","14","11","25","0","39","D",""
"121","F","05","07845796","Konkan Toastmasters","3","0","20","17","37","0","40","D",""
"121","F","05","07856512","St Aloysius Toastmasters Club","11","0","21","12","33","0","44","",""
"121","F","05","28678100","Coastal Divas Toastmasters Club","8","0","15","12","27","0","35","S",""
"121","F","05","28679902","EG India Toastmasters Club","0","0","0","45","45","45","90","","Charter 03/18/26"
"121","G","01","02389985","Trivandrum Toastmasters","22","0","28","22","50","0","72","M",""
"121","G","01","28677100","SADA India Toastmasters Club","10","0","4","9","13","0","23","",""
"121","G","01","28677544","Neyyar Toastmasters Club","4","0","10","4","14","0","18","",""
"121","G","01","28678049","TCS Maitree Trivandrum Toastmasters","4","0","7","6","13","0","17","",""
"121","G","01","28679400","RRD Trivandrum Toastmasters Club","4","0","0","17","17","20","41","D","Charter 11/13/25"
"121","G","02","07291065","H&R Block Toastmasters","16","0","33","34","67","0","83","M",""
"121","G","02","07844793","Technopark Toastmasters","20","0","24","21","45","0","65","M",""
"121","G","02","28675833","DCSMAT TRIVANDRUM Toastmasters","8","0","8","3","11","0","19","",""
"121","G","02","28677502","Allianz Services Toastmasters Club","26","0","38","18","56","0","82","S",""
"121","G","02","28679587","The Toastmasters' Travelogue","4","0","0","19","19","20","43","D","Charter 01/02/26"
"121","G","03","07843793","Ananthapuri Toastmasters","9","0","21","18","39","0","48","S",""
"121","G","03","07998505","PMI Kerala Chapter Toastmasters Club","4","0","12","9","21","0","25","",""
"121","G","03","28677285","SmarTalk Toastmasters","15","0","18","16","34","0","49","P",""
"121","G","03","28678096","Toastmasters of Trinfy","7","0","17","17","34","0","41","P",""
"121","G","04","05044336","The Quilon Toastmasters","12","0","16","20","36","0","48","P",""
"121","G","04","05455119","Centennial Orators","13","0","11","9","20","0","33","S",""
"121","G","04","28675854","SparkleV Toastmasters","0","0","15","11","26","0","26","",""
"121","G","04","28677130","Amrita Amritapuri Toastmasters Club","26","0","16","15","31","0","57","M",""
"121","G","04","28680203","Allianz Technology Toastmasters Club Trivandrum","0","0","0","0","0","25","25","","Charter 06/11/26"
"121","H","01","00691074","Kochi Club","24","0","50","45","95","0","119","M",""
"121","H","01","01418339","Assisi Toastmasters","5","0","16","16","32","0","37","P",""
"121","H","01","04936848","Special Zone Toastmasters","1","0","13","12","25","0","26","",""
"121","H","01","05409237","Spicy Toastmasters","1","0","17","11","28","0","29","",""
"121","H","01","28675794","Toastmasters of MITS","0","0","0","0","0","0","0",""," Susp 03/31/26"
"121","H","02","01376605","Travancore Toastmasters Club","9","0","27","24","51","0","60","M",""
"121","H","02","01379339","TCS Maitree Toastmasters Club: Kochi","17","0","14","11","25","0","42","P",""
"121","H","02","05342790","Tripunithura Toastmasters","4","0","8","7","15","0","19","",""
"121","H","02","28677516","V Guard Toastmasters Club","0","0","2","0","2","0","2",""," Susp 03/31/26"
"121","H","02","28678681","IBS Software Cochin Toastmasters","8","0","30","21","51","0","59","S",""
"121","H","03","03903550","Smartcity Toastmasters","1","0","7","8","15","0","16","",""
"121","H","03","04270664","Hubbell India Cochin","0","0","20","0","20","0","20","",""
"121","H","03","05025457","Advanced Toastmasters of Kerala","13","0","25","25","50","0","63","M",""
"121","H","03","07772212","Wipro Kochi Toastmasters Club","5","0","17","14","31","0","36","",""
"121","H","03","28678592","Orion Orators","35","0","12","14","26","0","61","D",""
"121","H","04","06048274","Mathrumalayalam Toastmasters Club","6","0","16","18","34","0","40","",""
"121","H","04","07632625","Kottayam Toastmasters Club","8","0","13","10","23","0","31","",""
"121","H","04","07904546","Eloquent Champs Toastmasters Club","7","0","11","11","22","0","29","D",""
"121","H","04","28677133","Thodupuzha Toastmasters Club","7","0","8","8","16","0","23","D",""
"121","H","05","01522721","Kerala Toastmasters","6","0","3","0","3","0","9","",""
"121","H","05","01593046","Chartered Toast Masters","8","0","12","11","23","0","31","",""
"121","H","05","01669119","Refinian Toastmasters Club","7","0","9","4","13","0","20","",""
"121","H","05","07679326","Litmus7 Kochi Toastmasters Club","14","0","13","12","25","0","39","S",""
"121","H","05","07980410","Queen City Toastmasters","9","0","19","16","35","0","44","S",""
"121","I","01","00009688","Infosys Toastmasters, Bangalore","30","0","10","14","24","0","54","M",""
"121","I","01","02104976","SIBM Bengaluru Toastmasters Club","0","0","0","0","0","0","0",""," Susp 03/31/26"
"121","I","01","07641558","Toast and Tales Toastmasters Club","20","0","23","18","41","0","61","M",""
"121","I","01","28677529","HPE Element Toastmasters","37","0","23","31","54","0","91","M",""
"121","I","01","28679397","TechM Bengaluru Toastmasters Club","3","0","0","8","8","18","29","","Charter 10/21/25"
"121","I","02","03674956","CGI Elite Speakers Forum","21","0","15","16","31","0","52","D",""
"121","I","02","04304110","Siemens Bangalore Toastmasters Club","16","0","20","17","37","0","53","P",""
"121","I","02","05185978","Electronics City Toastmasters Club","20","0","33","42","75","0","95","M",""
"121","I","02","06920786","Merck Toastmasters Club","5","0","3","4","7","0","12",""," Susp 03/31/26"
"121","I","02","28678701","Tavant Speakers Club","12","0","21","12","33","0","45","D",""
"121","I","02","28679581","Movius Toastmasters Club","0","0","0","24","24","24","48","","Charter 12/11/25"
"121","I","03","04958536","DB Bangalore Toastmasters Club","6","0","11","7","18","0","24","",""
"121","I","03","05843852","HSR Toastmasters Club","18","0","46","43","89","0","107","M",""
"121","I","03","28675609","Greenage Toastmasters Club","10","0","21","20","41","0","51","S",""
"121","I","03","28677107","Ascent Toastmasters Club","8","0","3","9","12","0","20","",""
"121","I","04","03283460","Wipro BEATS","11","0","16","12","28","0","39","",""
"121","I","04","07586759","MOOG Flyers","12","0","25","27","52","0","64","D",""
"121","I","04","28677664","Tessolve Toastmasters Club","7","0","9","12","21","0","28","",""
"121","I","04","28678026","Brighthearts Toastmasters","26","0","41","32","73","0","99","M",""
Month of Jun, As of 07/10/2026
