District,Division,Area,Club Number,Club Name,Club Status,CSP,Mem. Base,Active Members,Net Growth,Goals Met,Level 1s,Level 2s,Add. Level 2s,Level 3s,"Level 4s, Path Completions, or DTM Awards","Add. Level 4s, Path Completions, or DTM award",New Members,Add. New Members,Off. Trained Round 1,Off. Trained Round 2,Mem. dues on time Oct,Mem. dues on time Apr,Off. List On Time,Club Distinguished Status,New,Late Ren.,Oct. Ren.,Apr. Ren.,Total Ren.,Total Chart,Total to Date,Distinguished Status,Charter Date/Suspend Date,October Renewals,April Renewals,Nov Visit award,May Visit award,Membership to date,Club Goals Met,Distinguished Club,Area Club Base,Area Paid Club Goal for Dist.,Area Paid Club Goal for Select Dist.,Area Paid Club Goal for Pres. Dist.,Total Paid Area Clubs,Area Dist. Club Goal for Dist.,Area Dist. Club Goal for Select Dist.,Area Dist. Club Goal for Pres. Dist.,Total Dist. Area Clubs,Distinguished Area,Division Club Base,Division Paid Club Goal for Dist.,Division Paid Club Goal for Select Dist.,Division Paid Club Goal for Pres. Dist.,Total Paid Division Clubs,Division Dist. Club Goal for Dist.,Division Dist. Club Goal for Select Dist.,Division Dist. Club Goal for Pres. Dist.,Total Dist. Division Clubs,Distinguished Division,Charter Date/Suspend Date_div
121,0D,0A,7896844.0,ICSI Mysuru RoyalPro TM Club,Active,N,0.0,12.0,12.0,2.0,0.0,0.0,0.0,0.0,0.0,0.0,4.0,8.0,0.0,0.0,0.0,0.0,0.0,,12.0,0.0,0.0,0.0,0.0,0.0,12.0,,,1.0,1.0,0.0,0.0,12.0,2.0,,0.0,0.0,0.0,1.0,1.0,0.0,1.0,1.0,0.0,,0.0,0.0,1.0,2.0,1.0,0.0,0.0,0.0,0.0,,
121,A,01,1449300.0,Mysore Toastmasters,Active,Y,35.0,30.0,-5.0,10.0,5.0,2.0,3.0,5.0,1.0,6.0,4.0,17.0,7.0,6.0,1.0,1.0,2.0,M,21.0,0.0,25.0,27.0,52.0,0.0,73.0,M,,1.0,1.0,1.0,1.0,30.0,10.0,M,4.0,4.0,4.0,5.0,4.0,2.0,3.0,3.0,3.0,Select Distinguished,23.0,23.0,24.0,25.0,23.0,11.0,12.0,13.0,12.0,Distinguished,
121,A,01,6632488.0,VVCE TOASTMASTERS CLUB,Active,Y,29.0,31.0,2.0,8.0,3.0,2.0,0.0,2.0,1.0,2.0,4.0,9.0,7.0,7.0,1.0,1.0,1.0,S,13.0,0.0,22.0,21.0,43.0,0.0,56.0,S,,1.0,1.0,1.0,1.0,31.0,8.0,S,4.0,4.0,4.0,5.0,4.0,2.0,3.0,3.0,3.0,Select Distinguished,23.0,23.0,24.0,25.0,23.0,11.0,12.0,13.0,12.0,Distinguished,
121,A,01,7992645.0,All Women and Entrepreneurs Toastmasters Club,Active,Y,23.0,20.0,-3.0,10.0,4.0,2.0,2.0,3.0,1.0,3.0,4.0,7.0,7.0,7.0,1.0,1.0,2.0,P,11.0,0.0,11.0,15.0,26.0,0.0,37.0,P,,1.0,1.0,1.0,1.0,20.0,10.0,P,4.0,4.0,4.0,5.0,4.0,2.0,3.0,3.0,3.0,Select Distinguished,23.0,23.0,24.0,25.0,23.0,11.0,12.0,13.0,12.0,Distinguished,
121,A,01,28678068.0,MIT Toastmasters,Ineligible,Y,12.0,0.0,-12.0,3.0,0.0,0.0,0.0,0.0,0.0,0.0,4.0,22.0,7.0,2.0,1.0,0.0,1.0,,26.0,0.0,26.0,0.0,26.0,0.0,52.0,,,1.0,0.0,1.0,1.0,0.0,3.0,,4.0,4.0,4.0,5.0,4.0,2.0,3.0,3.0,3.0,Select Distinguished,23.0,23.0,24.0,25.0,23.0,11.0,12.0,13.0,12.0,Distinguished,
121,A,01,28680152.0,rProcess Toastmasters Club,Active,Y,21.0,21.0,0.0,1.0,0.0,0.0,0.0,0.0,0.0,0.0,0.0,0.0,0.0,0.0,0.0,1.0,1.0,,0.0,0.0,0.0,0.0,0.0,21.0,21.0,,Charter 06/25/26,0.0,0.0,0.0,0.0,21.0,1.0,,4.0,4.0,4.0,5.0,4.0,2.0,3.0,3.0,3.0,Select Distinguished,23.0,23.0,24.0,25.0,23.0,11.0,12.0,13.0,12.0,Distinguished,Charter 06/25/26
121,A,02,5953659.0,Ritoras,Active,Y,14.0,23.0,9.0,9.0,4.0,2.0,0.0,2.0,1.0,1.0,4.0,13.0,7.0,4.0,1.0,1.0,2.0,P,17.0,0.0,13.0,17.0,30.0,0.0,47.0,P,,1.0,1.0,1.0,1.0,23.0,9.0,P,5.0,5.0,5.0,6.0,5.0,3.0,4.0,4.0,3.0,Distinguished,23.0,23.0,24.0,25.0,23.0,11.0,12.0,13.0,12.0,Distinguished,
121,A,02,6714857.0,Galaxy Toastmasters Club,Active,Y,30.0,33.0,3.0,10.0,6.0,2.0,2.0,2.0,1.0,2.0,4.0,25.0,7.0,6.0,1.0,1.0,2.0,M,29.0,0.0,23.0,25.0,48.0,0.0,77.0,M,,1.0,1.0,1.0,1.0,33.0,10.0,M,5.0,5.0,5.0,6.0,5.0,3.0,4.0,4.0,3.0,Distinguished,23.0,23.0,24.0,25.0,23.0,11.0,12.0,13.0,12.0,Distinguished,
121,A,02,7772645.0,Namma Bengaluru Toastmasters Club,Active,Y,10.0,9.0,-1.0,7.0,1.0,1.0,0.0,2.0,1.0,2.0,4.0,4.0,7.0,4.0,0.0,1.0,2.0,,8.0,0.0,3.0,7.0,10.0,0.0,18.0,,,1.0,1.0,1.0,1.0,9.0,7.0,,5.0,5.0,5.0,6.0,5.0,3.0,4.0,4.0,3.0,Distinguished,23.0,23.0,24.0,25.0,23.0,11.0,12.0,13.0,12.0,Distinguished,
121,A,02,28678224.0,TE Services Toastmasters Club,Active,Y,32.0,37.0,5.0,5.0,8.0,2.0,0.0,0.0,0.0,0.0,4.0,50.0,7.0,3.0,1.0,1.0,1.0,D,54.0,0.0,9.0,9.0,18.0,0.0,72.0,D,,1.0,1.0,1.0,1.0,37.0,5.0,D,5.0,5.0,5.0,6.0,5.0,3.0,4.0,4.0,3.0,Distinguished,23.0,23.0,24.0,25.0,23.0,11.0,12.0,13.0,12.0,Distinguished,
121,A,02,28678951.0,Welldoc Toastmasters,Active,Y,20.0,10.0,-10.0,1.0,1.0,1.0,0.0,1.0,0.0,0.0,4.0,1.0,7.0,2.0,0.0,0.0,1.0,,5.0,0.0,9.0,5.0,14.0,0.0,19.0,,,1.0,1.0,1.0,1.0,10.0,1.0,,5.0,5.0,5.0,6.0,5.0,3.0,4.0,4.0,3.0,Distinguished,23.0,23.0,24.0,25.0,23.0,11.0,12.0,13.0,12.0,Distinguished,
121,A,02,28679251.0,Terra,Suspended,Y,26.0,0.0,-26.0,0.0,0.0,0.0,0.0,0.0,0.0,0.0,0.0,0.0,0.0,3.0,0.0,0.0,1.0,,0.0,0.0,0.0,0.0,0.0,26.0,26.0,,Charter 09/30/25 Susp 03/31/26,0.0,0.0,1.0,1.0,0.0,0.0,,5.0,5.0,5.0,6.0,5.0,3.0,4.0,4.0,3.0,Distinguished,23.0,23.0,24.0,25.0,23.0,11.0,12.0,13.0,12.0,Distinguished,Charter 09/30/25 Susp 03/31/26
121,A,03,3793772.0,Utthishta Toastmasters,Active,Y,55.0,55.0,0.0,10.0,5.0,2.0,6.0,7.0,1.0,1.0,4.0,24.0,7.0,7.0,1.0,1.0,2.0,M,28.0,0.0,59.0,46.0,105.0,0.0,133.0,M,,1.0,1.0,1.0,1.0,55.0,10.0,M,5.0,5.0,5.0,6.0,5.0,3.0,4.0,4.0,4.0,Select Distinguished,23.0,23.0,24.0,25.0,23.0,11.0,12.0,13.0,12.0,Distinguished,
121,A,03,3926170.0,Textron India Toastmasters Club,Active,Y,33.0,37.0,4.0,10.0,6.0,2.0,3.0,4.0,1.0,3.0,4.0,19.0,7.0,5.0,1.0,1.0,2.0,M,23.0,0.0,22.0,27.0,49.0,0.0,72.0,M,,1.0,1.0,1.0,1.0,37.0,10.0,M,5.0,5.0,5.0,6.0,5.0,3.0,4.0,4.0,4.0,Select Distinguished,23.0,23.0,24.0,25.0,23.0,11.0,12.0,13.0,12.0,Distinguished,
121,A,03,6479232.0,Mphasis Speech Crafters,Active,Y,23.0,30.0,7.0,10.0,4.0,2.0,2.0,2.0,1.0,1.0,4.0,27.0,7.0,6.0,1.0,1.0,2.0,M,31.0,0.0,14.0,11.0,25.0,0.0,56.0,M,,1.0,1.0,1.0,1.0,30.0,10.0,M,5.0,5.0,5.0,6.0,5.0,3.0,4.0,4.0,4.0,Select Distinguished,23.0,23.0,24.0,25.0,23.0,11.0,12.0,13.0,12.0,Distinguished,
121,A,03,28678028.0,Namaste Orators,Suspended,Y,10.0,0.0,-10.0,0.0,0.0,0.0,0.0,0.0,0.0,0.0,0.0,0.0,4.0,0.0,0.0,0.0,1.0,,0.0,0.0,0.0,0.0,0.0,0.0,0.0,, Susp 03/31/26,0.0,0.0,1.0,1.0,0.0,0.0,,5.0,5.0,5.0,6.0,5.0,3.0,4.0,4.0,4.0,Select Distinguished,23.0,23.0,24.0,25.0,23.0,11.0,12.0,13.0,12.0,Distinguished, Susp 03/31/26
121,A,03,28678938.0,DSBA Toastmaster Club,Active,Y,28.0,26.0,-2.0,5.0,4.0,2.0,0.0,0.0,0.0,0.0,4.0,15.0,7.0,7.0,0.0,0.0,1.0,D,19.0,0.0,14.0,7.0,21.0,0.0,40.0,D,,1.0,1.0,1.0,1.0,26.0,5.0,D,5.0,5.0,5.0,6.0,5.0,3.0,4.0,4.0,4.0,Select Distinguished,23.0,23.0,24.0,25.0,23.0,11.0,12.0,13.0,12.0,Distinguished,
121,A,03,28679826.0,DSBA Toastmasters Legacy Club,Active,N,27.0,27.0,0.0,1.0,0.0,0.0,0.0,0.0,0.0,0.0,0.0,0.0,0.0,0.0,1.0,1.0,1.0,,0.0,0.0,0.0,27.0,27.0,27.0,54.0,,Charter 03/01/26,0.0,1.0,0.0,1.0,27.0,1.0,,5.0,5.0,5.0,6.0,5.0,3.0,4.0,4.0,4.0,Select Distinguished,23.0,23.0,24.0,25.0,23.0,11.0,12.0,13.0,12.0,Distinguished,Charter 03/01/26
121,A,04,7991317.0,Eloquence Elixir Toastmasters,Active,Y,21.0,16.0,-5.0,6.0,0.0,1.0,0.0,1.0,1.0,1.0,4.0,6.0,7.0,7.0,1.0,1.0,2.0,,10.0,0.0,15.0,13.0,28.0,0.0,38.0,,,1.0,1.0,1.0,0.0,16.0,6.0,,5.0,5.0,5.0,6.0,5.0,3.0,4.0,4.0,2.0,,23.0,23.0,24.0,25.0,23.0,11.0,12.0,13.0,12.0,Distinguished,
121,A,04,28675492.0,Professional Orators and Leaders TM Club,Active,Y,25.0,25.0,0.0,10.0,4.0,2.0,3.0,2.0,1.0,1.0,4.0,7.0,7.0,7.0,1.0,1.0,1.0,M,11.0,0.0,21.0,18.0,39.0,0.0,50.0,M,,1.0,1.0,1.0,0.0,25.0,10.0,M,5.0,5.0,5.0,6.0,5.0,3.0,4.0,4.0,2.0,,23.0,23.0,24.0,25.0,23.0,11.0,12.0,13.0,12.0,Distinguished,
121,A,04,28676363.0,Nagarabhavi Toastmasters Club,Active,Y,20.0,10.0,-10.0,8.0,5.0,2.0,0.0,1.0,1.0,1.0,4.0,8.0,7.0,6.0,1.0,0.0,1.0,,12.0,0.0,14.0,8.0,22.0,0.0,34.0,,,1.0,1.0,1.0,1.0,10.0,8.0,,5.0,5.0,5.0,6.0,5.0,3.0,4.0,4.0,2.0,,23.0,23.0,24.0,25.0,23.0,11.0,12.0,13.0,12.0,Distinguished,
121,A,04,28677190.0,Christ Kengeri Club,Active,Y,32.0,13.0,-19.0,7.0,4.0,1.0,0.0,0.0,1.0,1.0,4.0,11.0,7.0,6.0,1.0,1.0,1.0,,15.0,0.0,19.0,13.0,32.0,0.0,47.0,,,1.0,1.0,1.0,1.0,13.0,7.0,,5.0,5.0,5.0,6.0,5.0,3.0,4.0,4.0,2.0,,23.0,23.0,24.0,25.0,23.0,11.0,12.0,13.0,12.0,Distinguished,
121,A,04,28677268.0,ABBS Toastmasters Club,Active,Y,8.0,17.0,9.0,7.0,9.0,2.0,2.0,2.0,0.0,0.0,4.0,14.0,6.0,7.0,1.0,0.0,0.0,S,18.0,0.0,4.0,5.0,9.0,0.0,27.0,S,,1.0,1.0,1.0,1.0,17.0,7.0,S,5.0,5.0,5.0,6.0,5.0,3.0,4.0,4.0,2.0,,23.0,23.0,24.0,25.0,23.0,11.0,12.0,13.0,12.0,Distinguished,
121,A,05,631732.0,Mahaveer Speakers Forum Toastmaster Club,Active,Y,20.0,8.0,-12.0,6.0,2.0,2.0,0.0,2.0,1.0,1.0,4.0,3.0,5.0,4.0,0.0,0.0,2.0,,7.0,0.0,14.0,8.0,22.0,0.0,29.0,,,1.0,1.0,1.0,1.0,8.0,6.0,,4.0,4.0,4.0,5.0,4.0,2.0,3.0,3.0,0.0,,23.0,23.0,24.0,25.0,23.0,11.0,12.0,13.0,12.0,Distinguished,
121,A,05,632019.0,Jain Speakers Forum Toastmasters Club,Active,Y,20.0,8.0,-12.0,6.0,2.0,2.0,0.0,2.0,1.0,5.0,4.0,0.0,4.0,4.0,0.0,0.0,2.0,,4.0,0.0,15.0,8.0,23.0,0.0,27.0,,,1.0,1.0,1.0,1.0,8.0,6.0,,4.0,4.0,4.0,5.0,4.0,2.0,3.0,3.0,0.0,,23.0,23.0,24.0,25.0,23.0,11.0,12.0,13.0,12.0,Distinguished,
121,A,05,843177.0,Talk Master CMS Toastmasters Club,Active,Y,20.0,8.0,-12.0,5.0,2.0,2.0,0.0,2.0,1.0,3.0,2.0,0.0,4.0,4.0,0.0,0.0,2.0,,2.0,0.0,16.0,8.0,24.0,0.0,26.0,,,1.0,1.0,1.0,1.0,8.0,5.0,,4.0,4.0,4.0,5.0,4.0,2.0,3.0,3.0,0.0,,23.0,23.0,24.0,25.0,23.0,11.0,12.0,13.0,12.0,Distinguished,
121,A,05,843182.0,Speech Master CMS Toastmasters Club,Active,Y,20.0,9.0,-11.0,4.0,1.0,1.0,0.0,1.0,1.0,1.0,4.0,0.0,4.0,7.0,0.0,0.0,2.0,,4.0,0.0,16.0,8.0,24.0,0.0,28.0,,,1.0,1.0,1.0,1.0,9.0,4.0,,4.0,4.0,4.0,5.0,4.0,2.0,3.0,3.0,0.0,,23.0,23.0,24.0,25.0,23.0,11.0,12.0,13.0,12.0,Distinguished,
121,B,01,7335393.0,Shivamogga Toastmasters,Active,Y,11.0,9.0,-2.0,4.0,1.0,0.0,0.0,0.0,1.0,0.0,4.0,1.0,4.0,4.0,0.0,1.0,1.0,,5.0,0.0,5.0,7.0,12.0,0.0,17.0,,,1.0,1.0,1.0,1.0,9.0,4.0,,5.0,5.0,5.0,6.0,3.0,3.0,4.0,4.0,2.0,,18.0,18.0,19.0,20.0,15.0,9.0,9.0,10.0,9.0,,
121,B,01,28675426.0,Valyou Toastmasters,Suspended,Y,8.0,0.0,-8.0,0.0,0.0,0.0,0.0,0.0,0.0,0.0,1.0,0.0,4.0,2.0,0.0,0.0,1.0,,1.0,0.0,5.0,0.0,5.0,0.0,6.0,, Susp 03/31/26,0.0,0.0,1.0,1.0,0.0,0.0,,5.0,5.0,5.0,6.0,3.0,3.0,4.0,4.0,2.0,,18.0,18.0,19.0,20.0,15.0,9.0,9.0,10.0,9.0,, Susp 03/31/26
121,B,01,28676014.0,Autodesk Toastmasters Club,Active,Y,51.0,83.0,32.0,10.0,5.0,2.0,2.0,4.0,1.0,8.0,4.0,94.0,7.0,7.0,1.0,1.0,1.0,M,98.0,0.0,25.0,42.0,67.0,0.0,165.0,M,,1.0,1.0,1.0,1.0,83.0,10.0,M,5.0,5.0,5.0,6.0,3.0,3.0,4.0,4.0,2.0,,18.0,18.0,19.0,20.0,15.0,9.0,9.0,10.0,9.0,,
121,B,01,28676901.0,Accenture Toasters,Active,Y,25.0,32.0,7.0,7.0,4.0,0.0,0.0,1.0,1.0,1.0,4.0,23.0,4.0,4.0,1.0,1.0,1.0,S,27.0,0.0,18.0,20.0,38.0,0.0,65.0,S,,1.0,1.0,1.0,1.0,32.0,7.0,S,5.0,5.0,5.0,6.0,3.0,3.0,4.0,4.0,2.0,,18.0,18.0,19.0,20.0,15.0,9.0,9.0,10.0,9.0,,
121,B,01,28678720.0,Acharyas Speaking Forum,Ineligible,Y,20.0,0.0,-20.0,5.0,11.0,2.0,2.0,0.0,0.0,0.0,0.0,0.0,7.0,7.0,1.0,0.0,1.0,,0.0,0.0,20.0,0.0,20.0,0.0,20.0,,,1.0,0.0,1.0,1.0,0.0,5.0,,5.0,5.0,5.0,6.0,3.0,3.0,4.0,4.0,2.0,,18.0,18.0,19.0,20.0,15.0,9.0,9.0,10.0,9.0,,
121,B,01,28678997.0,Paychex Catalyst Crew 2,Ineligible,Y,55.0,0.0,-55.0,2.0,0.0,0.0,0.0,0.0,0.0,0.0,4.0,14.0,4.0,1.0,0.0,0.0,1.0,,18.0,0.0,0.0,0.0,0.0,55.0,73.0,,Charter 08/01/25,1.0,0.0,1.0,1.0,0.0,2.0,,5.0,5.0,5.0,6.0,3.0,3.0,4.0,4.0,2.0,,18.0,18.0,19.0,20.0,15.0,9.0,9.0,10.0,9.0,,Charter 08/01/25
121,B,02,547.0,deejays Toastmasters,Active,Y,20.0,10.0,-10.0,5.0,1.0,0.0,0.0,0.0,1.0,1.0,4.0,2.0,7.0,7.0,1.0,1.0,2.0,,6.0,0.0,12.0,10.0,22.0,0.0,28.0,,,1.0,1.0,1.0,1.0,10.0,5.0,,5.0,5.0,5.0,6.0,4.0,3.0,4.0,4.0,2.0,,18.0,18.0,19.0,20.0,15.0,9.0,9.0,10.0,9.0,,
121,B,02,7734175.0,Republic of Toastmasters,Active,Y,20.0,20.0,0.0,10.0,7.0,2.0,5.0,9.0,1.0,1.0,4.0,19.0,7.0,7.0,1.0,1.0,2.0,P,23.0,0.0,8.0,10.0,18.0,0.0,41.0,P,,1.0,1.0,1.0,1.0,20.0,10.0,P,5.0,5.0,5.0,6.0,4.0,3.0,4.0,4.0,2.0,,18.0,18.0,19.0,20.0,15.0,9.0,9.0,10.0,9.0,,
121,B,02,28677183.0,Titans Toastmasters Club,Active,Y,16.0,13.0,-3.0,4.0,0.0,1.0,0.0,0.0,0.0,0.0,4.0,6.0,7.0,7.0,1.0,0.0,2.0,,10.0,0.0,14.0,9.0,23.0,0.0,33.0,,,1.0,1.0,1.0,1.0,13.0,4.0,,5.0,5.0,5.0,6.0,4.0,3.0,4.0,4.0,2.0,,18.0,18.0,19.0,20.0,15.0,9.0,9.0,10.0,9.0,,
121,B,02,28678400.0,Voices of Pearson Toastmasters Club,Active,Y,34.0,23.0,-11.0,5.0,4.0,0.0,0.0,0.0,0.0,0.0,4.0,19.0,5.0,5.0,1.0,0.0,1.0,D,23.0,0.0,26.0,11.0,37.0,0.0,60.0,D,,1.0,1.0,1.0,1.0,23.0,5.0,D,5.0,5.0,5.0,6.0,4.0,3.0,4.0,4.0,2.0,,18.0,18.0,19.0,20.0,15.0,9.0,9.0,10.0,9.0,,
121,B,02,28678746.0,The Orator's Society,Suspended,Y,50.0,0.0,-50.0,0.0,0.0,0.0,0.0,0.0,0.0,0.0,0.0,0.0,7.0,0.0,0.0,0.0,1.0,,0.0,0.0,0.0,0.0,0.0,0.0,0.0,, Susp 03/31/26,0.0,0.0,1.0,1.0,0.0,0.0,,5.0,5.0,5.0,6.0,4.0,3.0,4.0,4.0,2.0,,18.0,18.0,19.0,20.0,15.0,9.0,9.0,10.0,9.0,, Susp 03/31/26
121,B,03,6975394.0,Toastmasters of HP,Active,Y,20.0,28.0,8.0,10.0,9.0,2.0,3.0,4.0,1.0,3.0,4.0,18.0,7.0,7.0,1.0,1.0,2.0,M,22.0,0.0,13.0,18.0,31.0,0.0,53.0,M,,1.0,1.0,1.0,1.0,28.0,10.0,M,4.0,4.0,4.0,5.0,4.0,2.0,3.0,3.0,3.0,Select Distinguished,18.0,18.0,19.0,20.0,15.0,9.0,9.0,10.0,9.0,,
121,B,03,7908984.0,RCB Griffin,Active,Y,29.0,25.0,-4.0,10.0,8.0,2.0,7.0,7.0,1.0,14.0,4.0,9.0,7.0,7.0,1.0,1.0,2.0,M,13.0,0.0,19.0,12.0,31.0,0.0,44.0,M,,1.0,1.0,1.0,1.0,25.0,10.0,M,4.0,4.0,4.0,5.0,4.0,2.0,3.0,3.0,3.0,Select Distinguished,18.0,18.0,19.0,20.0,15.0,9.0,9.0,10.0,9.0,,
121,B,03,7908988.0,RCB Pegasus,Active,Y,27.0,25.0,-2.0,10.0,11.0,2.0,5.0,6.0,1.0,8.0,4.0,9.0,7.0,7.0,1.0,1.0,2.0,M,13.0,0.0,17.0,12.0,29.0,0.0,42.0,M,,1.0,1.0,1.0,1.0,25.0,10.0,M,4.0,4.0,4.0,5.0,4.0,2.0,3.0,3.0,3.0,Select Distinguished,18.0,18.0,19.0,20.0,15.0,9.0,9.0,10.0,9.0,,
121,B,03,7908991.0,RCB Phoenix,Active,Y,25.0,8.0,-17.0,8.0,5.0,2.0,2.0,2.0,1.0,2.0,0.0,0.0,7.0,4.0,1.0,1.0,2.0,,0.0,0.0,14.0,8.0,22.0,0.0,22.0,,,1.0,1.0,1.0,1.0,8.0,8.0,,4.0,4.0,4.0,5.0,4.0,2.0,3.0,3.0,3.0,Select Distinguished,18.0,18.0,19.0,20.0,15.0,9.0,9.0,10.0,9.0,,
121,B,03,28678996.0,Paychex Catalyst Crew 1,Ineligible,Y,21.0,0.0,-21.0,2.0,0.0,0.0,0.0,0.0,0.0,0.0,4.0,12.0,5.0,0.0,0.0,0.0,1.0,,16.0,0.0,0.0,0.0,0.0,21.0,37.0,,Charter 08/01/25,1.0,0.0,1.0,1.0,0.0,2.0,,4.0,4.0,4.0,5.0,4.0,2.0,3.0,3.0,3.0,Select Distinguished,18.0,18.0,19.0,20.0,15.0,9.0,9.0,10.0,9.0,,Charter 08/01/25
121,B,03,28679255.0,Aurigo Toastbusters,Suspended,Y,26.0,0.0,-26.0,1.0,0.0,0.0,0.0,0.0,0.0,0.0,0.0,0.0,0.0,4.0,0.0,0.0,1.0,,0.0,0.0,0.0,0.0,0.0,26.0,26.0,,Charter 09/30/25 Susp 03/31/26,0.0,0.0,1.0,1.0,0.0,1.0,,4.0,4.0,4.0,5.0,4.0,2.0,3.0,3.0,3.0,Select Distinguished,18.0,18.0,19.0,20.0,15.0,9.0,9.0,10.0,9.0,,Charter 09/30/25 Susp 03/31/26
121,B,04,5868577.0,Bosch Raconteurs,Active,Y,25.0,23.0,-2.0,10.0,4.0,2.0,2.0,2.0,1.0,1.0,4.0,8.0,7.0,7.0,1.0,1.0,1.0,P,12.0,0.0,21.0,18.0,39.0,0.0,51.0,P,,1.0,1.0,1.0,1.0,23.0,10.0,P,4.0,4.0,4.0,5.0,4.0,2.0,3.0,3.0,2.0,Distinguished,18.0,18.0,19.0,20.0,15.0,9.0,9.0,10.0,9.0,,
121,B,04,5998569.0,BMC Bengaluru Toastmasters Club,Active,Y,8.0,8.0,0.0,4.0,1.0,0.0,0.0,0.0,1.0,2.0,4.0,0.0,7.0,4.0,0.0,0.0,1.0,,4.0,0.0,8.0,6.0,14.0,0.0,18.0,,,1.0,1.0,1.0,1.0,8.0,4.0,,4.0,4.0,4.0,5.0,4.0,2.0,3.0,3.0,2.0,Distinguished,18.0,18.0,19.0,20.0,15.0,9.0,9.0,10.0,9.0,,
121,B,04,7934414.0,V R Advanced Toastmasters,Active,Y,25.0,20.0,-5.0,7.0,1.0,2.0,1.0,2.0,1.0,3.0,4.0,1.0,7.0,7.0,1.0,1.0,1.0,S,5.0,0.0,15.0,18.0,33.0,0.0,38.0,S,,1.0,1.0,1.0,1.0,20.0,7.0,S,4.0,4.0,4.0,5.0,4.0,2.0,3.0,3.0,2.0,Distinguished,18.0,18.0,19.0,20.0,15.0,9.0,9.0,10.0,9.0,,
121,B,04,28677046.0,Bosch Adugodi,Active,Y,18.0,18.0,0.0,5.0,2.0,2.0,0.0,1.0,0.0,0.0,4.0,12.0,5.0,4.0,1.0,0.0,1.0,,16.0,0.0,9.0,11.0,20.0,0.0,36.0,,,1.0,1.0,1.0,1.0,18.0,5.0,,4.0,4.0,4.0,5.0,4.0,2.0,3.0,3.0,2.0,Distinguished,18.0,18.0,19.0,20.0,15.0,9.0,9.0,10.0,9.0,,
121,C,01,1389390.0,IIMB Orators Club,Active,Y,58.0,59.0,1.0,10.0,8.0,2.0,5.0,3.0,1.0,5.0,4.0,10.0,7.0,7.0,1.0,1.0,2.0,M,14.0,0.0,52.0,53.0,105.0,0.0,119.0,M,,1.0,1.0,1.0,1.0,59.0,10.0,M,4.0,4.0,4.0,5.0,3.0,2.0,3.0,3.0,1.0,,17.0,17.0,18.0,19.0,15.0,8.0,9.0,10.0,8.0,,
121,C,01,7514725.0,LKQI Toastmasters Club,Active,Y,20.0,9.0,-11.0,5.0,2.0,1.0,0.0,0.0,1.0,1.0,4.0,4.0,4.0,0.0,1.0,0.0,1.0,,8.0,0.0,9.0,3.0,12.0,0.0,20.0,,,1.0,1.0,1.0,0.0,9.0,5.0,,4.0,4.0,4.0,5.0,3.0,2.0,3.0,3.0,1.0,,17.0,17.0,18.0,19.0,15.0,8.0,9.0,10.0,8.0,,
121,C,01,7762021.0,Christ Toastmasters Club,Active,Y,15.0,9.0,-6.0,9.0,4.0,2.0,3.0,3.0,1.0,2.0,4.0,3.0,6.0,7.0,1.0,0.0,1.0,,7.0,0.0,13.0,7.0,20.0,0.0,27.0,,,1.0,1.0,1.0,1.0,9.0,9.0,,4.0,4.0,4.0,5.0,3.0,2.0,3.0,3.0,1.0,,17.0,17.0,18.0,19.0,15.0,8.0,9.0,10.0,8.0,,
121,C,01,28678373.0,Sense-say-tional Toastmasters,Low,Y,20.0,6.0,-14.0,2.0,0.0,0.0,0.0,1.0,0.0,0.0,2.0,0.0,5.0,4.0,1.0,0.0,2.0,,2.0,0.0,12.0,5.0,17.0,0.0,19.0,,,1.0,0.0,1.0,1.0,6.0,2.0,,4.0,4.0,4.0,5.0,3.0,2.0,3.0,3.0,1.0,,17.0,17.0,18.0,19.0,15.0,8.0,9.0,10.0,8.0,,
121,C,02,9639.0,Mecon Communication Club,Active,Y,39.0,39.0,0.0,10.0,7.0,2.0,4.0,2.0,1.0,1.0,4.0,22.0,7.0,7.0,1.0,1.0,2.0,M,26.0,0.0,26.0,33.0,59.0,0.0,85.0,M,,1.0,1.0,1.0,1.0,39.0,10.0,M,4.0,4.0,4.0,5.0,3.0,2.0,3.0,3.0,1.0,,17.0,17.0,18.0,19.0,15.0,8.0,9.0,10.0,8.0,,
121,C,02,4329635.0,Tarento India Toastmasters Club,Active,Y,22.0,17.0,-5.0,3.0,0.0,0.0,0.0,0.0,0.0,0.0,4.0,3.0,5.0,7.0,1.0,1.0,2.0,,7.0,0.0,14.0,12.0,26.0,0.0,33.0,,,1.0,1.0,1.0,1.0,17.0,3.0,,4.0,4.0,4.0,5.0,3.0,2.0,3.0,3.0,1.0,,17.0,17.0,18.0,19.0,15.0,8.0,9.0,10.0,8.0,,
121,C,02,6584495.0,The Impressions,Suspended,Y,8.0,0.0,-8.0,0.0,0.0,0.0,0.0,0.0,0.0,0.0,0.0,0.0,1.0,0.0,0.0,0.0,1.0,,0.0,0.0,0.0,0.0,0.0,0.0,0.0,, Susp 03/31/26,0.0,0.0,1.0,0.0,0.0,0.0,,4.0,4.0,4.0,5.0,3.0,2.0,3.0,3.0,1.0,,17.0,17.0,18.0,19.0,15.0,8.0,9.0,10.0,8.0,, Susp 03/31/26
121,C,02,28675687.0,"School of Commerce, Jain University Toastmasters",Active,Y,16.0,16.0,0.0,5.0,3.0,2.0,0.0,1.0,0.0,0.0,4.0,9.0,7.0,5.0,0.0,1.0,1.0,,13.0,0.0,7.0,12.0,19.0,0.0,32.0,,,1.0,1.0,1.0,1.0,16.0,5.0,,4.0,4.0,4.0,5.0,3.0,2.0,3.0,3.0,1.0,,17.0,17.0,18.0,19.0,15.0,8.0,9.0,10.0,8.0,,
121,C,03,2188958.0,Koramangala Toastmasters Club,Active,Y,46.0,46.0,0.0,10.0,11.0,2.0,6.0,4.0,1.0,7.0,4.0,28.0,7.0,6.0,1.0,1.0,2.0,M,32.0,0.0,39.0,39.0,78.0,0.0,110.0,M,,1.0,1.0,1.0,1.0,46.0,10.0,M,5.0,5.0,5.0,6.0,5.0,3.0,4.0,4.0,2.0,,17.0,17.0,18.0,19.0,15.0,8.0,9.0,10.0,8.0,,
121,C,03,6636162.0,BTM Toastmasters Club,Active,Y,30.0,29.0,-1.0,10.0,6.0,2.0,5.0,2.0,1.0,2.0,4.0,15.0,4.0,7.0,1.0,1.0,2.0,M,19.0,0.0,20.0,19.0,39.0,0.0,58.0,M,,1.0,1.0,1.0,1.0,29.0,10.0,M,5.0,5.0,5.0,6.0,5.0,3.0,4.0,4.0,2.0,,17.0,17.0,18.0,19.0,15.0,8.0,9.0,10.0,8.0,,
121,C,03,6636175.0,Clinisys Toastmasters Club,Active,Y,10.0,13.0,3.0,3.0,0.0,0.0,0.0,0.0,0.0,0.0,4.0,10.0,0.0,0.0,1.0,1.0,1.0,,14.0,0.0,5.0,6.0,11.0,0.0,25.0,,,1.0,1.0,1.0,1.0,13.0,3.0,,5.0,5.0,5.0,6.0,5.0,3.0,4.0,4.0,2.0,,17.0,17.0,18.0,19.0,15.0,8.0,9.0,10.0,8.0,,
121,C,03,28676357.0,Ascend Trailblazers Toastmasters Club,Suspended,Y,33.0,0.0,-33.0,0.0,0.0,0.0,0.0,0.0,0.0,0.0,0.0,0.0,1.0,0.0,0.0,0.0,1.0,,0.0,0.0,0.0,0.0,0.0,0.0,0.0,, Susp 03/31/26,0.0,0.0,1.0,0.0,0.0,0.0,,5.0,5.0,5.0,6.0,5.0,3.0,4.0,4.0,2.0,,17.0,17.0,18.0,19.0,15.0,8.0,9.0,10.0,8.0,, Susp 03/31/26
121,C,03,28678910.0,Furlenco Toastmasters Club,Active,Y,29.0,14.0,-15.0,2.0,1.0,1.0,0.0,0.0,0.0,0.0,4.0,1.0,7.0,7.0,0.0,0.0,1.0,,5.0,0.0,11.0,11.0,22.0,0.0,27.0,,,1.0,1.0,1.0,1.0,14.0,2.0,,5.0,5.0,5.0,6.0,5.0,3.0,4.0,4.0,2.0,,17.0,17.0,18.0,19.0,15.0,8.0,9.0,10.0,8.0,,
121,C,03,28680500.0,eGov Toastmasters Club,Active,Y,20.0,30.0,10.0,1.0,0.0,0.0,0.0,0.0,0.0,0.0,0.0,0.0,0.0,0.0,0.0,1.0,1.0,,0.0,0.0,0.0,0.0,0.0,30.0,30.0,,Charter 06/30/26,0.0,0.0,0.0,0.0,30.0,1.0,,5.0,5.0,5.0,6.0,5.0,3.0,4.0,4.0,2.0,,17.0,17.0,18.0,19.0,15.0,8.0,9.0,10.0,8.0,,Charter 06/30/26
121,C,04,4410336.0,Dhwani Toastmasters,Active,Y,32.0,33.0,1.0,9.0,4.0,2.0,2.0,0.0,1.0,2.0,4.0,21.0,7.0,7.0,1.0,1.0,2.0,P,25.0,0.0,26.0,23.0,49.0,0.0,74.0,P,,1.0,1.0,1.0,1.0,33.0,9.0,P,4.0,4.0,4.0,5.0,4.0,2.0,3.0,3.0,4.0,Select Distinguished,17.0,17.0,18.0,19.0,15.0,8.0,9.0,10.0,8.0,,
121,C,04,7502654.0,Transcend Toastmasters Club,Active,Y,20.0,23.0,3.0,10.0,8.0,2.0,3.0,6.0,1.0,6.0,4.0,7.0,7.0,7.0,1.0,1.0,2.0,P,11.0,0.0,12.0,23.0,35.0,0.0,46.0,P,,1.0,1.0,1.0,1.0,23.0,10.0,P,4.0,4.0,4.0,5.0,4.0,2.0,3.0,3.0,4.0,Select Distinguished,17.0,17.0,18.0,19.0,15.0,8.0,9.0,10.0,8.0,,
121,C,04,7856506.0,Transcend Toastmasters Club - 2,Active,Y,20.0,23.0,3.0,9.0,5.0,2.0,0.0,2.0,1.0,3.0,4.0,9.0,7.0,7.0,1.0,1.0,1.0,P,13.0,0.0,10.0,23.0,33.0,0.0,46.0,P,,1.0,1.0,1.0,1.0,23.0,9.0,P,4.0,4.0,4.0,5.0,4.0,2.0,3.0,3.0,4.0,Select Distinguished,17.0,17.0,18.0,19.0,15.0,8.0,9.0,10.0,8.0,,
121,C,04,7962666.0,Transcend Toastmasters Club 3,Active,Y,20.0,21.0,1.0,10.0,4.0,2.0,3.0,5.0,1.0,5.0,4.0,5.0,7.0,7.0,1.0,1.0,2.0,P,9.0,0.0,14.0,21.0,35.0,0.0,44.0,P,,1.0,1.0,1.0,1.0,21.0,10.0,P,4.0,4.0,4.0,5.0,4.0,2.0,3.0,3.0,4.0,Select Distinguished,17.0,17.0,18.0,19.0,15.0,8.0,9.0,10.0,8.0,,
121,D,01,3984104.0,Calicut Toastmasters,Active,Y,22.0,25.0,3.0,10.0,6.0,2.0,2.0,2.0,1.0,1.0,4.0,14.0,6.0,6.0,1.0,1.0,1.0,M,18.0,0.0,19.0,19.0,38.0,0.0,56.0,M,,1.0,1.0,1.0,1.0,25.0,10.0,M,4.0,4.0,4.0,5.0,4.0,2.0,3.0,3.0,2.0,Distinguished,21.0,21.0,22.0,23.0,15.0,10.0,11.0,12.0,6.0,,
121,D,01,6750919.0,Kannur Toastmasters Club,Active,Y,10.0,10.0,0.0,8.0,4.0,2.0,0.0,2.0,1.0,2.0,4.0,1.0,5.0,5.0,1.0,1.0,1.0,,5.0,0.0,9.0,7.0,16.0,0.0,21.0,,,1.0,1.0,1.0,1.0,10.0,8.0,,4.0,4.0,4.0,5.0,4.0,2.0,3.0,3.0,2.0,Distinguished,21.0,21.0,22.0,23.0,15.0,10.0,11.0,12.0,6.0,,
121,D,01,28675444.0,Advanced Debate Club,Active,Y,11.0,10.0,-1.0,2.0,0.0,0.0,0.0,0.0,0.0,0.0,2.0,0.0,6.0,4.0,1.0,1.0,1.0,,2.0,0.0,8.0,10.0,18.0,0.0,20.0,,,1.0,1.0,1.0,1.0,10.0,2.0,,4.0,4.0,4.0,5.0,4.0,2.0,3.0,3.0,2.0,Distinguished,21.0,21.0,22.0,23.0,15.0,10.0,11.0,12.0,6.0,,
121,D,01,28676179.0,Malabar Toastmasters Club,Active,Y,23.0,25.0,2.0,10.0,4.0,2.0,2.0,3.0,1.0,2.0,4.0,13.0,7.0,7.0,1.0,1.0,1.0,M,17.0,1.0,18.0,15.0,34.0,0.0,51.0,M,,1.0,1.0,1.0,1.0,25.0,10.0,M,4.0,4.0,4.0,5.0,4.0,2.0,3.0,3.0,2.0,Distinguished,21.0,21.0,22.0,23.0,15.0,10.0,11.0,12.0,6.0,,
121,D,02,1872178.0,Toastmasters Club Of Thrissur,Active,Y,22.0,25.0,3.0,10.0,4.0,2.0,2.0,3.0,1.0,3.0,4.0,13.0,5.0,4.0,1.0,1.0,1.0,M,17.0,0.0,20.0,17.0,37.0,0.0,54.0,M,,1.0,1.0,1.0,0.0,25.0,10.0,M,5.0,5.0,5.0,6.0,3.0,3.0,4.0,4.0,2.0,,21.0,21.0,22.0,23.0,15.0,10.0,11.0,12.0,6.0,,
121,D,02,5915386.0,Enterprising Toastmasters of Palakkad,Active,Y,27.0,27.0,0.0,10.0,5.0,2.0,4.0,3.0,1.0,7.0,4.0,10.0,6.0,5.0,1.0,1.0,1.0,M,14.0,0.0,23.0,19.0,42.0,0.0,56.0,M,,1.0,1.0,1.0,0.0,27.0,10.0,M,5.0,5.0,5.0,6.0,3.0,3.0,4.0,4.0,2.0,,21.0,21.0,22.0,23.0,15.0,10.0,11.0,12.0,6.0,,
121,D,02,7173481.0,Perinthalmanna Toastmasters Club,Ineligible,Y,12.0,0.0,-12.0,1.0,0.0,0.0,0.0,0.0,0.0,0.0,0.0,0.0,5.0,0.0,1.0,0.0,1.0,,0.0,0.0,12.0,0.0,12.0,0.0,12.0,,,1.0,0.0,1.0,0.0,0.0,1.0,,5.0,5.0,5.0,6.0,3.0,3.0,4.0,4.0,2.0,,21.0,21.0,22.0,23.0,15.0,10.0,11.0,12.0,6.0,,
121,D,02,28676579.0,Kasaragod Toastmasters Club,Active,N,11.0,8.0,-3.0,2.0,0.0,0.0,0.0,0.0,0.0,0.0,4.0,6.0,0.0,0.0,0.0,0.0,1.0,,10.0,0.0,4.0,3.0,7.0,0.0,17.0,,,1.0,1.0,1.0,0.0,8.0,2.0,,5.0,5.0,5.0,6.0,3.0,3.0,4.0,4.0,2.0,,21.0,21.0,22.0,23.0,15.0,10.0,11.0,12.0,6.0,,
121,D,02,28678457.0,Ayur Path Toastmasters Club,Suspended,Y,23.0,0.0,-23.0,0.0,0.0,0.0,0.0,0.0,0.0,0.0,0.0,0.0,0.0,0.0,0.0,0.0,1.0,,0.0,0.0,0.0,0.0,0.0,0.0,0.0,, Susp 03/31/26,0.0,0.0,1.0,0.0,0.0,0.0,,5.0,5.0,5.0,6.0,3.0,3.0,4.0,4.0,2.0,,21.0,21.0,22.0,23.0,15.0,10.0,11.0,12.0,6.0,, Susp 03/31/26
121,D,03,4327554.0,Orators Toastmasters,Active,Y,9.0,11.0,2.0,8.0,4.0,2.0,0.0,3.0,1.0,2.0,4.0,2.0,5.0,4.0,1.0,1.0,1.0,,6.0,0.0,8.0,10.0,18.0,0.0,24.0,,,1.0,1.0,1.0,1.0,11.0,8.0,,4.0,4.0,4.0,5.0,3.0,2.0,3.0,3.0,0.0,,21.0,21.0,22.0,23.0,15.0,10.0,11.0,12.0,6.0,,
121,D,03,7814695.0,Thrissur Malayalam Toastmasters,Active,Y,15.0,9.0,-6.0,4.0,1.0,1.0,0.0,1.0,1.0,1.0,2.0,0.0,7.0,6.0,1.0,1.0,1.0,,2.0,0.0,9.0,8.0,17.0,0.0,19.0,,,1.0,1.0,1.0,1.0,9.0,4.0,,4.0,4.0,4.0,5.0,3.0,2.0,3.0,3.0,0.0,,21.0,21.0,22.0,23.0,15.0,10.0,11.0,12.0,6.0,,
121,D,03,7902228.0,ME Kerala Toastmasters Club,Active,Y,20.0,11.0,-9.0,5.0,2.0,2.0,0.0,1.0,1.0,1.0,1.0,0.0,6.0,4.0,1.0,1.0,1.0,,1.0,0.0,15.0,11.0,26.0,0.0,27.0,,,1.0,1.0,1.0,1.0,11.0,5.0,,4.0,4.0,4.0,5.0,3.0,2.0,3.0,3.0,0.0,,21.0,21.0,22.0,23.0,15.0,10.0,11.0,12.0,6.0,,
121,D,03,28675709.0,Sahrdaya Toastmasters Club,Ineligible,N,20.0,0.0,-20.0,5.0,3.0,2.0,0.0,1.0,1.0,2.0,3.0,0.0,7.0,5.0,1.0,0.0,1.0,,3.0,0.0,7.0,0.0,7.0,0.0,10.0,,,1.0,0.0,1.0,1.0,0.0,5.0,,4.0,4.0,4.0,5.0,3.0,2.0,3.0,3.0,0.0,,21.0,21.0,22.0,23.0,15.0,10.0,11.0,12.0,6.0,,
121,D,04,1207477.0,EKM Toastmasters,Active,Y,25.0,21.0,-4.0,9.0,5.0,2.0,0.0,2.0,1.0,2.0,4.0,6.0,6.0,6.0,1.0,1.0,1.0,P,10.0,0.0,19.0,17.0,36.0,0.0,46.0,P,,1.0,1.0,1.0,1.0,21.0,9.0,P,4.0,4.0,4.0,5.0,4.0,2.0,3.0,3.0,2.0,Distinguished,21.0,21.0,22.0,23.0,15.0,10.0,11.0,12.0,6.0,,
121,D,04,7397586.0,Black Gold Toastmasters,Active,Y,20.0,20.0,0.0,2.0,3.0,1.0,0.0,0.0,0.0,0.0,4.0,2.0,7.0,7.0,0.0,0.0,2.0,,6.0,0.0,16.0,18.0,34.0,0.0,40.0,,,1.0,1.0,1.0,1.0,20.0,2.0,,4.0,4.0,4.0,5.0,4.0,2.0,3.0,3.0,2.0,Distinguished,21.0,21.0,22.0,23.0,15.0,10.0,11.0,12.0,6.0,,
121,D,04,7854448.0,Heritage Toastmasters,Active,Y,11.0,8.0,-3.0,1.0,2.0,1.0,0.0,1.0,0.0,0.0,2.0,0.0,4.0,4.0,0.0,0.0,1.0,,2.0,0.0,7.0,7.0,14.0,0.0,16.0,,,1.0,1.0,1.0,1.0,8.0,1.0,,4.0,4.0,4.0,5.0,4.0,2.0,3.0,3.0,2.0,Distinguished,21.0,21.0,22.0,23.0,15.0,10.0,11.0,12.0,6.0,,
121,D,04,7877475.0,Cask Orators,Active,Y,19.0,25.0,6.0,10.0,4.0,2.0,2.0,3.0,1.0,1.0,4.0,18.0,7.0,7.0,1.0,1.0,1.0,M,22.0,0.0,21.0,24.0,45.0,0.0,67.0,M,,1.0,1.0,1.0,1.0,25.0,10.0,M,4.0,4.0,4.0,5.0,4.0,2.0,3.0,3.0,2.0,Distinguished,21.0,21.0,22.0,23.0,15.0,10.0,11.0,12.0,6.0,,
121,D,05,7527118.0,Lead Orators Toastmasters,Suspended,N,8.0,0.0,-8.0,0.0,0.0,0.0,0.0,0.0,0.0,0.0,0.0,0.0,1.0,0.0,0.0,0.0,0.0,,0.0,0.0,0.0,0.0,0.0,0.0,0.0,, Susp 03/31/26,0.0,0.0,1.0,0.0,0.0,0.0,,4.0,4.0,4.0,5.0,1.0,2.0,3.0,3.0,0.0,,21.0,21.0,22.0,23.0,15.0,10.0,11.0,12.0,6.0,, Susp 03/31/26
121,D,05,7657832.0,Bioingredia Toastmasters Club,Active,N,8.0,11.0,3.0,3.0,0.0,0.0,0.0,0.0,0.0,0.0,4.0,7.0,2.0,0.0,0.0,1.0,1.0,,11.0,0.0,3.0,11.0,14.0,0.0,25.0,,,1.0,1.0,1.0,0.0,11.0,3.0,,4.0,4.0,4.0,5.0,1.0,2.0,3.0,3.0,0.0,,21.0,21.0,22.0,23.0,15.0,10.0,11.0,12.0,6.0,,
121,D,05,7847626.0,Lead Champions Toastmasters Club,Suspended,Y,11.0,0.0,-11.0,0.0,0.0,0.0,0.0,0.0,0.0,0.0,0.0,0.0,1.0,0.0,0.0,0.0,1.0,,0.0,0.0,3.0,0.0,3.0,0.0,3.0,, Susp 03/31/26,0.0,0.0,1.0,0.0,0.0,0.0,,4.0,4.0,4.0,5.0,1.0,2.0,3.0,3.0,0.0,,21.0,21.0,22.0,23.0,15.0,10.0,11.0,12.0,6.0,, Susp 03/31/26
121,D,05,7847628.0,LEAD THE WORLD TOASTMASTERS CLUB,Suspended,Y,8.0,0.0,-8.0,0.0,0.0,0.0,0.0,0.0,0.0,0.0,0.0,0.0,1.0,0.0,0.0,0.0,1.0,,0.0,0.0,3.0,0.0,3.0,0.0,3.0,, Susp 03/31/26,0.0,0.0,1.0,0.0,0.0,0.0,,4.0,4.0,4.0,5.0,1.0,2.0,3.0,3.0,0.0,,21.0,21.0,22.0,23.0,15.0,10.0,11.0,12.0,6.0,, Susp 03/31/26
121,E,01,3859695.0,IBC Titans Toastmasters Club,Active,Y,13.0,9.0,-4.0,4.0,3.0,0.0,0.0,0.0,1.0,3.0,4.0,3.0,7.0,4.0,0.0,0.0,2.0,,7.0,0.0,9.0,5.0,14.0,0.0,21.0,,,1.0,1.0,1.0,1.0,9.0,4.0,,4.0,4.0,4.0,5.0,4.0,2.0,3.0,3.0,2.0,Distinguished,16.0,16.0,17.0,18.0,16.0,8.0,8.0,9.0,9.0,Distinguished,
121,E,01,4113936.0,Infinera Toastmasters,Active,Y,20.0,22.0,2.0,8.0,3.0,2.0,2.0,2.0,1.0,2.0,4.0,2.0,7.0,7.0,1.0,1.0,1.0,S,6.0,0.0,20.0,22.0,42.0,0.0,48.0,S,,1.0,1.0,1.0,1.0,22.0,8.0,S,4.0,4.0,4.0,5.0,4.0,2.0,3.0,3.0,2.0,Distinguished,16.0,16.0,17.0,18.0,16.0,8.0,8.0,9.0,9.0,Distinguished,
121,E,01,28676711.0,Melange Toastmasters Club,Active,Y,11.0,8.0,-3.0,5.0,2.0,1.0,0.0,3.0,1.0,4.0,2.0,0.0,7.0,7.0,1.0,1.0,2.0,,2.0,0.0,11.0,8.0,19.0,0.0,21.0,,,1.0,1.0,1.0,1.0,8.0,5.0,,4.0,4.0,4.0,5.0,4.0,2.0,3.0,3.0,2.0,Distinguished,16.0,16.0,17.0,18.0,16.0,8.0,8.0,9.0,9.0,Distinguished,
121,E,01,28676900.0,Acuity Toastmasters Open Mic,Active,Y,37.0,31.0,-6.0,10.0,6.0,2.0,3.0,3.0,1.0,3.0,4.0,25.0,7.0,6.0,1.0,1.0,2.0,M,29.0,0.0,16.0,19.0,35.0,0.0,64.0,M,,1.0,1.0,1.0,1.0,31.0,10.0,M,4.0,4.0,4.0,5.0,4.0,2.0,3.0,3.0,2.0,Distinguished,16.0,16.0,17.0,18.0,16.0,8.0,8.0,9.0,9.0,Distinguished,
121,E,02,5412566.0,RIPPLERS,Active,Y,23.0,35.0,12.0,10.0,4.0,2.0,2.0,3.0,1.0,2.0,4.0,31.0,7.0,4.0,1.0,1.0,2.0,M,35.0,0.0,23.0,21.0,44.0,0.0,79.0,M,,1.0,1.0,1.0,1.0,35.0,10.0,M,4.0,4.0,4.0,5.0,4.0,2.0,3.0,3.0,4.0,Select Distinguished,16.0,16.0,17.0,18.0,16.0,8.0,8.0,9.0,9.0,Distinguished,
121,E,02,6427472.0,Lead India Speakers Club,Active,Y,17.0,22.0,5.0,10.0,5.0,2.0,2.0,3.0,1.0,2.0,4.0,15.0,6.0,6.0,1.0,1.0,2.0,P,19.0,0.0,12.0,13.0,25.0,0.0,44.0,P,,1.0,1.0,1.0,1.0,22.0,10.0,P,4.0,4.0,4.0,5.0,4.0,2.0,3.0,3.0,4.0,Select Distinguished,16.0,16.0,17.0,18.0,16.0,8.0,8.0,9.0,9.0,Distinguished,
121,E,02,7711039.0,Words Worth Toastmasters,Active,Y,39.0,35.0,-4.0,10.0,7.0,2.0,6.0,5.0,1.0,3.0,4.0,10.0,7.0,7.0,1.0,1.0,2.0,M,14.0,0.0,31.0,34.0,65.0,0.0,79.0,M,,1.0,1.0,1.0,1.0,35.0,10.0,M,4.0,4.0,4.0,5.0,4.0,2.0,3.0,3.0,4.0,Select Distinguished,16.0,16.0,17.0,18.0,16.0,8.0,8.0,9.0,9.0,Distinguished,
121,E,02,28676701.0,Evolve Toastmasters,Active,Y,32.0,33.0,1.0,10.0,7.0,2.0,4.0,3.0,1.0,1.0,4.0,12.0,7.0,5.0,1.0,0.0,2.0,M,16.0,0.0,24.0,25.0,49.0,0.0,65.0,M,,1.0,1.0,1.0,1.0,33.0,10.0,M,4.0,4.0,4.0,5.0,4.0,2.0,3.0,3.0,4.0,Select Distinguished,16.0,16.0,17.0,18.0,16.0,8.0,8.0,9.0,9.0,Distinguished,
121,E,03,2405453.0,vTalk Toastmasters Club,Active,Y,25.0,8.0,-17.0,5.0,0.0,0.0,0.0,0.0,1.0,1.0,4.0,0.0,6.0,6.0,1.0,1.0,2.0,,4.0,0.0,9.0,8.0,17.0,0.0,21.0,,,1.0,1.0,1.0,1.0,8.0,5.0,,4.0,4.0,4.0,5.0,4.0,2.0,3.0,3.0,3.0,Select Distinguished,16.0,16.0,17.0,18.0,16.0,8.0,8.0,9.0,9.0,Distinguished,
121,E,03,6831114.0,Leaders Speak,Active,Y,29.0,22.0,-7.0,9.0,4.0,2.0,1.0,2.0,1.0,3.0,4.0,12.0,7.0,5.0,1.0,1.0,2.0,P,16.0,0.0,18.0,17.0,35.0,0.0,51.0,P,,1.0,1.0,1.0,1.0,22.0,9.0,P,4.0,4.0,4.0,5.0,4.0,2.0,3.0,3.0,3.0,Select Distinguished,16.0,16.0,17.0,18.0,16.0,8.0,8.0,9.0,9.0,Distinguished,
121,E,03,7460211.0,WeSpeak Toastmasters Club,Active,Y,33.0,25.0,-8.0,10.0,5.0,2.0,2.0,2.0,1.0,4.0,4.0,15.0,7.0,7.0,1.0,1.0,2.0,M,19.0,0.0,32.0,24.0,56.0,0.0,75.0,M,,1.0,1.0,1.0,1.0,25.0,10.0,M,4.0,4.0,4.0,5.0,4.0,2.0,3.0,3.0,3.0,Select Distinguished,16.0,16.0,17.0,18.0,16.0,8.0,8.0,9.0,9.0,Distinguished,
121,E,03,28678473.0,Flexera Toastmasters,Active,Y,38.0,38.0,0.0,5.0,4.0,2.0,0.0,0.0,0.0,0.0,4.0,38.0,4.0,6.0,0.0,0.0,2.0,D,42.0,0.0,19.0,15.0,34.0,0.0,76.0,D,,1.0,1.0,1.0,1.0,38.0,5.0,D,4.0,4.0,4.0,5.0,4.0,2.0,3.0,3.0,3.0,Select Distinguished,16.0,16.0,17.0,18.0,16.0,8.0,8.0,9.0,9.0,Distinguished,
121,E,04,632425.0,CMS Speakers Forum Toastmasters Club,Active,Y,20.0,8.0,-12.0,6.0,3.0,2.0,2.0,3.0,1.0,7.0,3.0,0.0,7.0,7.0,0.0,0.0,2.0,,3.0,0.0,16.0,8.0,24.0,0.0,27.0,,,1.0,1.0,1.0,1.0,8.0,6.0,,4.0,4.0,4.0,5.0,4.0,2.0,3.0,3.0,0.0,,16.0,16.0,17.0,18.0,16.0,8.0,8.0,9.0,9.0,Distinguished,
121,E,04,725960.0,Jain Toastmasters Club,Active,Y,20.0,8.0,-12.0,7.0,3.0,2.0,4.0,7.0,1.0,9.0,4.0,0.0,7.0,7.0,0.0,0.0,2.0,,4.0,0.0,16.0,8.0,24.0,0.0,28.0,,,1.0,1.0,1.0,1.0,8.0,7.0,,4.0,4.0,4.0,5.0,4.0,2.0,3.0,3.0,0.0,,16.0,16.0,17.0,18.0,16.0,8.0,8.0,9.0,9.0,Distinguished,
121,E,04,726395.0,SBMJC Toastmasters Club,Active,Y,20.0,8.0,-12.0,7.0,2.0,2.0,2.0,3.0,1.0,5.0,4.0,1.0,7.0,7.0,0.0,0.0,2.0,,5.0,0.0,15.0,8.0,23.0,0.0,28.0,,,1.0,1.0,1.0,1.0,8.0,7.0,,4.0,4.0,4.0,5.0,4.0,2.0,3.0,3.0,0.0,,16.0,16.0,17.0,18.0,16.0,8.0,8.0,9.0,9.0,Distinguished,
121,E,04,726698.0,Mahaveer Toastmasters Club,Active,Y,20.0,8.0,-12.0,7.0,1.0,2.0,2.0,2.0,1.0,3.0,4.0,0.0,7.0,7.0,0.0,0.0,2.0,,4.0,0.0,15.0,8.0,23.0,0.0,27.0,,,1.0,1.0,1.0,1.0,8.0,7.0,,4.0,4.0,4.0,5.0,4.0,2.0,3.0,3.0,0.0,,16.0,16.0,17.0,18.0,16.0,8.0,8.0,9.0,9.0,Distinguished,
121,F,01,3014292.0,TAPMI Toastmasters,Active,Y,15.0,8.0,-7.0,10.0,9.0,2.0,4.0,9.0,1.0,13.0,4.0,6.0,5.0,4.0,1.0,0.0,1.0,,10.0,0.0,10.0,8.0,18.0,0.0,28.0,,,1.0,1.0,1.0,1.0,8.0,10.0,,4.0,4.0,4.0,5.0,4.0,2.0,3.0,3.0,2.0,Distinguished,22.0,22.0,23.0,24.0,24.0,10.0,11.0,13.0,13.0,President's Distinguished,
121,F,01,3900632.0,Manipal-Udupi Toastmasters Club,Active,Y,10.0,20.0,10.0,7.0,1.0,1.0,0.0,2.0,1.0,1.0,4.0,9.0,5.0,4.0,1.0,1.0,1.0,S,13.0,0.0,9.0,10.0,19.0,0.0,32.0,S,,1.0,1.0,1.0,1.0,20.0,7.0,S,4.0,4.0,4.0,5.0,4.0,2.0,3.0,3.0,2.0,Distinguished,22.0,22.0,23.0,24.0,24.0,10.0,11.0,13.0,13.0,President's Distinguished,
121,F,01,6843977.0,MAHE Toastmasters Club,Active,Y,25.0,30.0,5.0,10.0,13.0,2.0,6.0,4.0,1.0,4.0,4.0,17.0,7.0,7.0,1.0,1.0,2.0,M,21.0,0.0,25.0,26.0,51.0,0.0,72.0,M,,1.0,1.0,1.0,1.0,30.0,10.0,M,4.0,4.0,4.0,5.0,4.0,2.0,3.0,3.0,2.0,Distinguished,22.0,22.0,23.0,24.0,24.0,10.0,11.0,13.0,13.0,President's Distinguished,
121,F,01,28676491.0,Udupi Toastmasters Club,Active,Y,29.0,17.0,-12.0,4.0,1.0,0.0,0.0,0.0,0.0,0.0,4.0,10.0,6.0,5.0,1.0,1.0,1.0,,14.0,0.0,12.0,9.0,21.0,0.0,35.0,,,1.0,1.0,1.0,1.0,17.0,4.0,,4.0,4.0,4.0,5.0,4.0,2.0,3.0,3.0,2.0,Distinguished,22.0,22.0,23.0,24.0,24.0,10.0,11.0,13.0,13.0,President's Distinguished,
121,F,02,585650.0,Mangalore Club,Active,Y,33.0,33.0,0.0,10.0,4.0,2.0,2.0,3.0,1.0,3.0,4.0,4.0,7.0,6.0,1.0,1.0,1.0,M,8.0,0.0,34.0,30.0,64.0,0.0,72.0,M,,1.0,1.0,1.0,1.0,33.0,10.0,M,4.0,4.0,4.0,5.0,4.0,2.0,3.0,3.0,2.0,Distinguished,22.0,22.0,23.0,24.0,24.0,10.0,11.0,13.0,13.0,President's Distinguished,
121,F,02,1600545.0,INSPIRON Toastmasters Club,Active,Y,30.0,8.0,-22.0,2.0,0.0,0.0,0.0,0.0,0.0,0.0,0.0,0.0,6.0,4.0,1.0,1.0,1.0,,0.0,0.0,10.0,8.0,18.0,0.0,18.0,,,1.0,1.0,1.0,1.0,8.0,2.0,,4.0,4.0,4.0,5.0,4.0,2.0,3.0,3.0,2.0,Distinguished,22.0,22.0,23.0,24.0,24.0,10.0,11.0,13.0,13.0,President's Distinguished,
121,F,02,7817375.0,Karavali Toastmasters Club,Active,Y,36.0,25.0,-11.0,10.0,5.0,2.0,2.0,2.0,1.0,3.0,4.0,8.0,6.0,5.0,1.0,1.0,1.0,M,12.0,1.0,25.0,21.0,47.0,0.0,59.0,M,,1.0,1.0,1.0,1.0,25.0,10.0,M,4.0,4.0,4.0,5.0,4.0,2.0,3.0,3.0,2.0,Distinguished,22.0,22.0,23.0,24.0,24.0,10.0,11.0,13.0,13.0,President's Distinguished,
121,F,02,7854374.0,Roshni Toastmasters Club,Active,Y,20.0,9.0,-11.0,4.0,0.0,0.0,0.0,0.0,1.0,1.0,3.0,0.0,6.0,4.0,1.0,1.0,1.0,,3.0,0.0,8.0,8.0,16.0,0.0,19.0,,,1.0,1.0,1.0,1.0,9.0,4.0,,4.0,4.0,4.0,5.0,4.0,2.0,3.0,3.0,2.0,Distinguished,22.0,22.0,23.0,24.0,24.0,10.0,11.0,13.0,13.0,President's Distinguished,
121,F,03,3698.0,Winners Club ,Active,Y,42.0,25.0,-17.0,10.0,4.0,2.0,2.0,3.0,1.0,2.0,4.0,6.0,7.0,5.0,1.0,1.0,1.0,M,10.0,0.0,22.0,21.0,43.0,0.0,53.0,M,,1.0,1.0,1.0,1.0,25.0,10.0,M,5.0,5.0,5.0,6.0,6.0,3.0,4.0,4.0,3.0,Distinguished,22.0,22.0,23.0,24.0,24.0,10.0,11.0,13.0,13.0,President's Distinguished,
121,F,03,7325136.0,Bantwal Speech Weavers,Active,Y,17.0,20.0,3.0,9.0,4.0,2.0,0.0,2.0,1.0,2.0,4.0,8.0,7.0,6.0,1.0,1.0,1.0,P,12.0,0.0,16.0,15.0,31.0,0.0,43.0,P,,1.0,1.0,1.0,1.0,20.0,9.0,P,5.0,5.0,5.0,6.0,6.0,3.0,4.0,4.0,3.0,Distinguished,22.0,22.0,23.0,24.0,24.0,10.0,11.0,13.0,13.0,President's Distinguished,
121,F,03,7860728.0,Yenunciate Toastmasters Club,Active,Y,8.0,22.0,14.0,4.0,0.0,0.0,0.0,0.0,0.0,0.0,4.0,16.0,5.0,5.0,1.0,1.0,1.0,,20.0,0.0,3.0,16.0,19.0,0.0,39.0,,,1.0,1.0,1.0,1.0,22.0,4.0,,5.0,5.0,5.0,6.0,6.0,3.0,4.0,4.0,3.0,Distinguished,22.0,22.0,23.0,24.0,24.0,10.0,11.0,13.0,13.0,President's Distinguished,
121,F,03,7877748.0,Let's Debate Toastmasters Club,Active,Y,31.0,21.0,-10.0,9.0,1.0,2.0,2.0,2.0,1.0,2.0,4.0,4.0,7.0,7.0,1.0,1.0,1.0,P,8.0,0.0,14.0,13.0,27.0,0.0,35.0,P,,1.0,1.0,1.0,1.0,21.0,9.0,P,5.0,5.0,5.0,6.0,6.0,3.0,4.0,4.0,3.0,Distinguished,22.0,22.0,23.0,24.0,24.0,10.0,11.0,13.0,13.0,President's Distinguished,
121,F,03,28678782.0,Moodbidri Toastmasters Club,Active,Y,22.0,9.0,-13.0,2.0,1.0,0.0,0.0,0.0,0.0,0.0,1.0,0.0,5.0,4.0,1.0,1.0,1.0,,1.0,0.0,9.0,9.0,18.0,0.0,19.0,,,1.0,1.0,1.0,1.0,9.0,2.0,,5.0,5.0,5.0,6.0,6.0,3.0,4.0,4.0,3.0,Distinguished,22.0,22.0,23.0,24.0,24.0,10.0,11.0,13.0,13.0,President's Distinguished,
121,F,03,28680397.0,Uxcel Toastmasters Club,Active,Y,20.0,20.0,0.0,1.0,0.0,0.0,0.0,0.0,0.0,0.0,0.0,0.0,0.0,0.0,0.0,1.0,1.0,,0.0,0.0,0.0,0.0,0.0,20.0,20.0,,Charter 06/23/26,0.0,0.0,0.0,0.0,20.0,1.0,,5.0,5.0,5.0,6.0,6.0,3.0,4.0,4.0,3.0,Distinguished,22.0,22.0,23.0,24.0,24.0,10.0,11.0,13.0,13.0,President's Distinguished,Charter 06/23/26
121,F,04,2818428.0,Milagres Toastmasters,Active,Y,24.0,9.0,-15.0,6.0,4.0,0.0,0.0,0.0,1.0,1.0,4.0,0.0,6.0,4.0,1.0,1.0,1.0,,4.0,0.0,9.0,7.0,16.0,0.0,20.0,,,1.0,1.0,1.0,1.0,9.0,6.0,,5.0,5.0,5.0,6.0,5.0,3.0,4.0,4.0,3.0,Distinguished,22.0,22.0,23.0,24.0,24.0,10.0,11.0,13.0,13.0,President's Distinguished,
121,F,04,3965394.0,Port Town Advanced Toastmasters,Active,Y,55.0,27.0,-28.0,10.0,6.0,2.0,2.0,4.0,1.0,2.0,4.0,12.0,7.0,7.0,1.0,1.0,1.0,M,16.0,0.0,28.0,22.0,50.0,0.0,66.0,M,,1.0,1.0,1.0,1.0,27.0,10.0,M,5.0,5.0,5.0,6.0,5.0,3.0,4.0,4.0,3.0,Distinguished,22.0,22.0,23.0,24.0,24.0,10.0,11.0,13.0,13.0,President's Distinguished,
121,F,04,7575734.0,Agnesian Toastmasters,Active,Y,20.0,20.0,0.0,10.0,8.0,2.0,2.0,3.0,1.0,2.0,4.0,13.0,6.0,4.0,1.0,1.0,1.0,P,17.0,0.0,13.0,9.0,22.0,0.0,39.0,P,,1.0,1.0,1.0,1.0,20.0,10.0,P,5.0,5.0,5.0,6.0,5.0,3.0,4.0,4.0,3.0,Distinguished,22.0,22.0,23.0,24.0,24.0,10.0,11.0,13.0,13.0,President's Distinguished,
121,F,04,28677717.0,Niveus Toastmasters Club,Active,Y,29.0,15.0,-14.0,10.0,5.0,2.0,2.0,3.0,1.0,1.0,4.0,4.0,7.0,7.0,0.0,1.0,1.0,,8.0,0.0,15.0,14.0,29.0,0.0,37.0,,,1.0,1.0,1.0,1.0,15.0,10.0,,5.0,5.0,5.0,6.0,5.0,3.0,4.0,4.0,3.0,Distinguished,22.0,22.0,23.0,24.0,24.0,10.0,11.0,13.0,13.0,President's Distinguished,
121,F,04,28678985.0,Champion Evaluators Advanced Toastmasters Club,Active,Y,23.0,20.0,-3.0,7.0,0.0,2.0,0.0,2.0,1.0,1.0,4.0,3.0,4.0,6.0,1.0,1.0,1.0,S,7.0,0.0,25.0,18.0,43.0,0.0,50.0,S,,1.0,1.0,1.0,1.0,20.0,7.0,S,5.0,5.0,5.0,6.0,5.0,3.0,4.0,4.0,3.0,Distinguished,22.0,22.0,23.0,24.0,24.0,10.0,11.0,13.0,13.0,President's Distinguished,
121,F,05,1597746.0,ProAct Toastmasters Club,Active,Y,19.0,20.0,1.0,6.0,1.0,1.0,0.0,1.0,1.0,1.0,4.0,10.0,5.0,4.0,1.0,1.0,1.0,D,14.0,0.0,14.0,11.0,25.0,0.0,39.0,D,,1.0,1.0,1.0,1.0,20.0,6.0,D,4.0,4.0,4.0,5.0,5.0,2.0,3.0,3.0,3.0,President's Distinguished,22.0,22.0,23.0,24.0,24.0,10.0,11.0,13.0,13.0,President's Distinguished,
121,F,05,7845796.0,Konkan Toastmasters,Active,Y,35.0,20.0,-15.0,5.0,1.0,2.0,0.0,1.0,1.0,4.0,3.0,0.0,6.0,6.0,1.0,1.0,1.0,D,3.0,0.0,20.0,17.0,37.0,0.0,40.0,D,,1.0,1.0,1.0,1.0,20.0,5.0,D,4.0,4.0,4.0,5.0,5.0,2.0,3.0,3.0,3.0,President's Distinguished,22.0,22.0,23.0,24.0,24.0,10.0,11.0,13.0,13.0,President's Distinguished,
121,F,05,7856512.0,St Aloysius Toastmasters Club,Active,Y,20.0,13.0,-7.0,10.0,4.0,2.0,2.0,3.0,1.0,2.0,4.0,7.0,7.0,4.0,1.0,1.0,1.0,,11.0,0.0,21.0,12.0,33.0,0.0,44.0,,,1.0,1.0,1.0,1.0,13.0,10.0,,4.0,4.0,4.0,5.0,5.0,2.0,3.0,3.0,3.0,President's Distinguished,22.0,22.0,23.0,24.0,24.0,10.0,11.0,13.0,13.0,President's Distinguished,
121,F,05,28678100.0,Coastal Divas Toastmasters Club,Active,Y,21.0,20.0,-1.0,7.0,4.0,1.0,0.0,2.0,1.0,0.0,4.0,4.0,7.0,7.0,1.0,1.0,1.0,S,8.0,0.0,15.0,12.0,27.0,0.0,35.0,S,,1.0,1.0,1.0,1.0,20.0,7.0,S,4.0,4.0,4.0,5.0,5.0,2.0,3.0,3.0,3.0,President's Distinguished,22.0,22.0,23.0,24.0,24.0,10.0,11.0,13.0,13.0,President's Distinguished,
121,F,05,28679902.0,EG India Toastmasters Club,Active,N,45.0,45.0,0.0,1.0,0.0,0.0,0.0,0.0,0.0,0.0,0.0,0.0,0.0,0.0,1.0,1.0,1.0,,0.0,0.0,0.0,45.0,45.0,45.0,90.0,,Charter 03/18/26,0.0,1.0,0.0,1.0,45.0,1.0,,4.0,4.0,4.0,5.0,5.0,2.0,3.0,3.0,3.0,President's Distinguished,22.0,22.0,23.0,24.0,24.0,10.0,11.0,13.0,13.0,President's Distinguished,Charter 03/18/26
121,G,01,2389985.0,Trivandrum Toastmasters,Active,Y,31.0,29.0,-2.0,10.0,5.0,2.0,2.0,3.0,1.0,1.0,4.0,18.0,6.0,5.0,1.0,1.0,1.0,M,22.0,0.0,28.0,22.0,50.0,0.0,72.0,M,,1.0,1.0,1.0,1.0,29.0,10.0,M,4.0,4.0,4.0,5.0,5.0,2.0,3.0,3.0,2.0,Distinguished,16.0,16.0,17.0,18.0,19.0,8.0,8.0,9.0,12.0,President's Distinguished,
121,G,01,28677100.0,SADA India Toastmasters Club,Active,Y,23.0,12.0,-11.0,7.0,12.0,2.0,2.0,1.0,0.0,0.0,4.0,6.0,7.0,7.0,1.0,1.0,1.0,,10.0,0.0,4.0,9.0,13.0,0.0,23.0,,,1.0,1.0,1.0,1.0,12.0,7.0,,4.0,4.0,4.0,5.0,5.0,2.0,3.0,3.0,2.0,Distinguished,16.0,16.0,17.0,18.0,19.0,8.0,8.0,9.0,12.0,President's Distinguished,
121,G,01,28677544.0,Neyyar Toastmasters Club,Active,Y,16.0,8.0,-8.0,8.0,4.0,2.0,0.0,2.0,1.0,1.0,4.0,0.0,5.0,5.0,1.0,0.0,1.0,,4.0,0.0,10.0,4.0,14.0,0.0,18.0,,,1.0,1.0,1.0,1.0,8.0,8.0,,4.0,4.0,4.0,5.0,5.0,2.0,3.0,3.0,2.0,Distinguished,16.0,16.0,17.0,18.0,19.0,8.0,8.0,9.0,12.0,President's Distinguished,
121,G,01,28678049.0,TCS Maitree Trivandrum Toastmasters,Active,Y,9.0,8.0,-1.0,3.0,0.0,1.0,0.0,0.0,0.0,0.0,4.0,0.0,6.0,4.0,1.0,1.0,1.0,,4.0,0.0,7.0,6.0,13.0,0.0,17.0,,,1.0,1.0,1.0,1.0,8.0,3.0,,4.0,4.0,4.0,5.0,5.0,2.0,3.0,3.0,2.0,Distinguished,16.0,16.0,17.0,18.0,19.0,8.0,8.0,9.0,12.0,President's Distinguished,
121,G,01,28679400.0,RRD Trivandrum Toastmasters Club,Active,Y,20.0,21.0,1.0,5.0,4.0,2.0,0.0,0.0,0.0,0.0,4.0,0.0,0.0,6.0,1.0,1.0,1.0,D,4.0,0.0,0.0,17.0,17.0,20.0,41.0,D,Charter 11/13/25,0.0,1.0,0.0,1.0,21.0,5.0,D,4.0,4.0,4.0,5.0,5.0,2.0,3.0,3.0,2.0,Distinguished,16.0,16.0,17.0,18.0,19.0,8.0,8.0,9.0,12.0,President's Distinguished,Charter 11/13/25
121,G,02,7291065.0,H&R Block Toastmasters,Active,Y,29.0,37.0,8.0,10.0,4.0,2.0,2.0,3.0,1.0,3.0,4.0,12.0,7.0,7.0,1.0,1.0,2.0,M,16.0,0.0,33.0,34.0,67.0,0.0,83.0,M,,1.0,1.0,1.0,1.0,37.0,10.0,M,4.0,4.0,4.0,5.0,5.0,2.0,3.0,3.0,4.0,President's Distinguished,16.0,16.0,17.0,18.0,19.0,8.0,8.0,9.0,12.0,President's Distinguished,
121,G,02,7844793.0,Technopark Toastmasters,Active,Y,29.0,26.0,-3.0,10.0,6.0,2.0,2.0,3.0,1.0,5.0,4.0,16.0,7.0,6.0,1.0,1.0,1.0,M,20.0,0.0,24.0,21.0,45.0,0.0,65.0,M,,1.0,1.0,1.0,1.0,26.0,10.0,M,4.0,4.0,4.0,5.0,5.0,2.0,3.0,3.0,4.0,President's Distinguished,16.0,16.0,17.0,18.0,19.0,8.0,8.0,9.0,12.0,President's Distinguished,
121,G,02,28675833.0,DCSMAT TRIVANDRUM Toastmasters,Active,Y,17.0,8.0,-9.0,4.0,0.0,0.0,0.0,0.0,0.0,0.0,4.0,4.0,7.0,4.0,0.0,1.0,1.0,,8.0,0.0,8.0,3.0,11.0,0.0,19.0,,,1.0,1.0,1.0,1.0,8.0,4.0,,4.0,4.0,4.0,5.0,5.0,2.0,3.0,3.0,4.0,President's Distinguished,16.0,16.0,17.0,18.0,19.0,8.0,8.0,9.0,12.0,President's Distinguished,
121,G,02,28677502.0,Allianz Services Toastmasters Club,Active,Y,63.0,44.0,-19.0,7.0,4.0,2.0,2.0,0.0,0.0,0.0,4.0,22.0,7.0,6.0,0.0,1.0,1.0,S,26.0,0.0,38.0,18.0,56.0,0.0,82.0,S,,1.0,1.0,1.0,1.0,44.0,7.0,S,4.0,4.0,4.0,5.0,5.0,2.0,3.0,3.0,4.0,President's Distinguished,16.0,16.0,17.0,18.0,19.0,8.0,8.0,9.0,12.0,President's Distinguished,
121,G,02,28679587.0,The Toastmasters' Travelogue,Active,Y,20.0,24.0,4.0,5.0,4.0,2.0,0.0,0.0,0.0,0.0,4.0,0.0,0.0,7.0,1.0,1.0,1.0,D,4.0,0.0,0.0,19.0,19.0,20.0,43.0,D,Charter 01/02/26,0.0,1.0,0.0,1.0,24.0,5.0,D,4.0,4.0,4.0,5.0,5.0,2.0,3.0,3.0,4.0,President's Distinguished,16.0,16.0,17.0,18.0,19.0,8.0,8.0,9.0,12.0,President's Distinguished,Charter 01/02/26
121,G,03,7843793.0,Ananthapuri Toastmasters,Active,Y,20.0,22.0,2.0,7.0,1.0,1.0,0.0,3.0,1.0,3.0,4.0,5.0,7.0,5.0,1.0,1.0,1.0,S,9.0,0.0,21.0,18.0,39.0,0.0,48.0,S,,1.0,1.0,1.0,1.0,22.0,7.0,S,4.0,4.0,4.0,5.0,4.0,2.0,3.0,3.0,3.0,Select Distinguished,16.0,16.0,17.0,18.0,19.0,8.0,8.0,9.0,12.0,President's Distinguished,
121,G,03,7998505.0,PMI Kerala Chapter Toastmasters Club,Active,Y,20.0,11.0,-9.0,5.0,1.0,1.0,0.0,1.0,1.0,1.0,4.0,0.0,7.0,6.0,1.0,1.0,1.0,,4.0,0.0,12.0,9.0,21.0,0.0,25.0,,,1.0,1.0,1.0,1.0,11.0,5.0,,4.0,4.0,4.0,5.0,4.0,2.0,3.0,3.0,3.0,Select Distinguished,16.0,16.0,17.0,18.0,19.0,8.0,8.0,9.0,12.0,President's Distinguished,
121,G,03,28677285.0,SmarTalk Toastmasters,Active,Y,24.0,20.0,-4.0,10.0,7.0,2.0,3.0,3.0,1.0,1.0,4.0,11.0,7.0,5.0,1.0,1.0,1.0,P,15.0,0.0,18.0,16.0,34.0,0.0,49.0,P,,1.0,1.0,1.0,1.0,20.0,10.0,P,4.0,4.0,4.0,5.0,4.0,2.0,3.0,3.0,3.0,Select Distinguished,16.0,16.0,17.0,18.0,19.0,8.0,8.0,9.0,12.0,President's Distinguished,
121,G,03,28678096.0,Toastmasters of Trinfy,Active,Y,26.0,20.0,-6.0,9.0,10.0,2.0,7.0,8.0,1.0,7.0,4.0,3.0,7.0,7.0,1.0,1.0,1.0,P,7.0,0.0,17.0,17.0,34.0,0.0,41.0,P,,1.0,1.0,1.0,1.0,20.0,9.0,P,4.0,4.0,4.0,5.0,4.0,2.0,3.0,3.0,3.0,Select Distinguished,16.0,16.0,17.0,18.0,19.0,8.0,8.0,9.0,12.0,President's Distinguished,
121,G,04,5044336.0,The Quilon Toastmasters,Active,Y,21.0,22.0,1.0,10.0,4.0,2.0,4.0,4.0,1.0,2.0,4.0,8.0,7.0,7.0,1.0,1.0,1.0,P,12.0,0.0,16.0,20.0,36.0,0.0,48.0,P,,1.0,1.0,1.0,1.0,22.0,10.0,P,4.0,4.0,4.0,5.0,5.0,2.0,3.0,3.0,3.0,President's Distinguished,16.0,16.0,17.0,18.0,19.0,8.0,8.0,9.0,12.0,President's Distinguished,
121,G,04,5455119.0,Centennial Orators,Active,Y,12.0,17.0,5.0,10.0,4.0,2.0,3.0,3.0,1.0,2.0,4.0,9.0,5.0,4.0,1.0,1.0,1.0,S,13.0,0.0,11.0,9.0,20.0,0.0,33.0,S,,1.0,1.0,1.0,1.0,17.0,10.0,S,4.0,4.0,4.0,5.0,5.0,2.0,3.0,3.0,3.0,President's Distinguished,16.0,16.0,17.0,18.0,19.0,8.0,8.0,9.0,12.0,President's Distinguished,
121,G,04,28675854.0,SparkleV Toastmasters,Active,Y,20.0,11.0,-9.0,5.0,3.0,2.0,1.0,2.0,1.0,0.0,0.0,0.0,6.0,5.0,1.0,1.0,1.0,,0.0,0.0,15.0,11.0,26.0,0.0,26.0,,,1.0,1.0,1.0,1.0,11.0,5.0,,4.0,4.0,4.0,5.0,5.0,2.0,3.0,3.0,3.0,President's Distinguished,16.0,16.0,17.0,18.0,19.0,8.0,8.0,9.0,12.0,President's Distinguished,
121,G,04,28677130.0,Amrita Amritapuri Toastmasters Club,Active,Y,12.0,28.0,16.0,10.0,7.0,2.0,4.0,2.0,1.0,1.0,4.0,22.0,5.0,5.0,1.0,1.0,1.0,M,26.0,0.0,16.0,15.0,31.0,0.0,57.0,M,,1.0,1.0,1.0,1.0,28.0,10.0,M,4.0,4.0,4.0,5.0,5.0,2.0,3.0,3.0,3.0,President's Distinguished,16.0,16.0,17.0,18.0,19.0,8.0,8.0,9.0,12.0,President's Distinguished,
121,G,04,28680203.0,Allianz Technology Toastmasters Club Trivandrum,Active,Y,25.0,25.0,0.0,1.0,0.0,0.0,0.0,0.0,0.0,0.0,0.0,0.0,0.0,0.0,0.0,1.0,1.0,,0.0,0.0,0.0,0.0,0.0,25.0,25.0,,Charter 06/11/26,0.0,0.0,0.0,0.0,25.0,1.0,,4.0,4.0,4.0,5.0,5.0,2.0,3.0,3.0,3.0,President's Distinguished,16.0,16.0,17.0,18.0,19.0,8.0,8.0,9.0,12.0,President's Distinguished,Charter 06/11/26
121,H,01,691074.0,Kochi Club,Active,Y,52.0,51.0,-1.0,10.0,7.0,2.0,4.0,3.0,1.0,4.0,4.0,20.0,5.0,6.0,1.0,1.0,1.0,M,24.0,0.0,50.0,45.0,95.0,0.0,119.0,M,,1.0,1.0,1.0,1.0,51.0,10.0,M,5.0,5.0,5.0,6.0,4.0,3.0,4.0,4.0,2.0,,24.0,24.0,25.0,26.0,19.0,11.0,12.0,14.0,11.0,,
121,H,01,1418339.0,Assisi Toastmasters,Active,Y,20.0,20.0,0.0,9.0,4.0,2.0,2.0,2.0,1.0,1.0,4.0,1.0,7.0,4.0,1.0,1.0,1.0,P,5.0,0.0,16.0,16.0,32.0,0.0,37.0,P,,1.0,1.0,1.0,1.0,20.0,9.0,P,5.0,5.0,5.0,6.0,4.0,3.0,4.0,4.0,2.0,,24.0,24.0,25.0,26.0,19.0,11.0,12.0,14.0,11.0,,
121,H,01,4936848.0,Special Zone Toastmasters,Active,Y,16.0,13.0,-3.0,5.0,3.0,2.0,0.0,2.0,1.0,2.0,1.0,0.0,6.0,3.0,1.0,1.0,1.0,,1.0,0.0,13.0,12.0,25.0,0.0,26.0,,,1.0,1.0,1.0,1.0,13.0,5.0,,5.0,5.0,5.0,6.0,4.0,3.0,4.0,4.0,2.0,,24.0,24.0,25.0,26.0,19.0,11.0,12.0,14.0,11.0,,
121,H,01,5409237.0,Spicy Toastmasters,Active,Y,19.0,12.0,-7.0,1.0,1.0,0.0,0.0,2.0,0.0,0.0,1.0,0.0,7.0,2.0,0.0,0.0,1.0,,1.0,0.0,17.0,11.0,28.0,0.0,29.0,,,1.0,1.0,1.0,1.0,12.0,1.0,,5.0,5.0,5.0,6.0,4.0,3.0,4.0,4.0,2.0,,24.0,24.0,25.0,26.0,19.0,11.0,12.0,14.0,11.0,,
121,H,01,28675794.0,Toastmasters of MITS,Suspended,Y,11.0,0.0,-11.0,2.0,1.0,0.0,0.0,0.0,1.0,1.0,0.0,0.0,5.0,0.0,0.0,0.0,1.0,,0.0,0.0,0.0,0.0,0.0,0.0,0.0,, Susp 03/31/26,0.0,0.0,1.0,0.0,0.0,2.0,,5.0,5.0,5.0,6.0,4.0,3.0,4.0,4.0,2.0,,24.0,24.0,25.0,26.0,19.0,11.0,12.0,14.0,11.0,, Susp 03/31/26
121,H,02,1376605.0,Travancore Toastmasters Club,Active,Y,25.0,25.0,0.0,10.0,4.0,2.0,2.0,2.0,1.0,1.0,4.0,5.0,7.0,4.0,1.0,1.0,1.0,M,9.0,0.0,27.0,24.0,51.0,0.0,60.0,M,,1.0,1.0,1.0,0.0,25.0,10.0,M,5.0,5.0,5.0,6.0,4.0,3.0,4.0,4.0,3.0,,24.0,24.0,25.0,26.0,19.0,11.0,12.0,14.0,11.0,,
121,H,02,1379339.0,TCS Maitree Toastmasters Club: Kochi,Active,Y,20.0,20.0,0.0,10.0,6.0,2.0,3.0,3.0,1.0,5.0,4.0,13.0,7.0,7.0,1.0,1.0,1.0,P,17.0,0.0,14.0,11.0,25.0,0.0,42.0,P,,1.0,1.0,1.0,1.0,20.0,10.0,P,5.0,5.0,5.0,6.0,4.0,3.0,4.0,4.0,3.0,,24.0,24.0,25.0,26.0,19.0,11.0,12.0,14.0,11.0,,
121,H,02,5342790.0,Tripunithura Toastmasters,Active,Y,11.0,8.0,-3.0,2.0,0.0,0.0,0.0,0.0,0.0,0.0,4.0,0.0,2.0,1.0,1.0,0.0,1.0,,4.0,0.0,8.0,7.0,15.0,0.0,19.0,,,1.0,1.0,1.0,0.0,8.0,2.0,,5.0,5.0,5.0,6.0,4.0,3.0,4.0,4.0,3.0,,24.0,24.0,25.0,26.0,19.0,11.0,12.0,14.0,11.0,,
121,H,02,28677516.0,V Guard Toastmasters Club,Suspended,N,11.0,0.0,-11.0,0.0,0.0,0.0,0.0,0.0,0.0,0.0,0.0,0.0,0.0,0.0,0.0,0.0,1.0,,0.0,0.0,2.0,0.0,2.0,0.0,2.0,, Susp 03/31/26,0.0,0.0,1.0,0.0,0.0,0.0,,5.0,5.0,5.0,6.0,4.0,3.0,4.0,4.0,3.0,,24.0,24.0,25.0,26.0,19.0,11.0,12.0,14.0,11.0,, Susp 03/31/26
121,H,02,28678681.0,IBS Software Cochin Toastmasters,Active,Y,49.0,21.0,-28.0,8.0,5.0,2.0,2.0,2.0,0.0,0.0,4.0,4.0,5.0,5.0,1.0,1.0,1.0,S,8.0,0.0,30.0,21.0,51.0,0.0,59.0,S,,1.0,1.0,1.0,0.0,21.0,8.0,S,5.0,5.0,5.0,6.0,4.0,3.0,4.0,4.0,3.0,,24.0,24.0,25.0,26.0,19.0,11.0,12.0,14.0,11.0,,
121,H,03,3903550.0,Smartcity Toastmasters,Active,Y,8.0,8.0,0.0,2.0,0.0,1.0,0.0,0.0,1.0,1.0,1.0,0.0,4.0,1.0,0.0,0.0,1.0,,1.0,0.0,7.0,8.0,15.0,0.0,16.0,,,1.0,1.0,1.0,1.0,8.0,2.0,,5.0,5.0,5.0,6.0,4.0,3.0,4.0,4.0,2.0,,24.0,24.0,25.0,26.0,19.0,11.0,12.0,14.0,11.0,,
121,H,03,4270664.0,Hubbell India Cochin,Ineligible,N,20.0,0.0,-20.0,1.0,0.0,0.0,0.0,0.0,0.0,0.0,0.0,0.0,0.0,0.0,1.0,0.0,1.0,,0.0,0.0,20.0,0.0,20.0,0.0,20.0,,,1.0,0.0,1.0,1.0,0.0,1.0,,5.0,5.0,5.0,6.0,4.0,3.0,4.0,4.0,2.0,,24.0,24.0,25.0,26.0,19.0,11.0,12.0,14.0,11.0,,
121,H,03,5025457.0,Advanced Toastmasters of Kerala,Active,Y,28.0,28.0,0.0,10.0,4.0,2.0,2.0,3.0,1.0,5.0,4.0,9.0,6.0,6.0,1.0,1.0,1.0,M,13.0,0.0,25.0,25.0,50.0,0.0,63.0,M,,1.0,1.0,1.0,1.0,28.0,10.0,M,5.0,5.0,5.0,6.0,4.0,3.0,4.0,4.0,2.0,,24.0,24.0,25.0,26.0,19.0,11.0,12.0,14.0,11.0,,
121,H,03,7772212.0,Wipro Kochi Toastmasters Club,Active,Y,15.0,14.0,-1.0,9.0,9.0,2.0,2.0,5.0,1.0,4.0,4.0,1.0,7.0,5.0,1.0,1.0,1.0,,5.0,0.0,17.0,14.0,31.0,0.0,36.0,,,1.0,1.0,1.0,1.0,14.0,9.0,,5.0,5.0,5.0,6.0,4.0,3.0,4.0,4.0,2.0,,24.0,24.0,25.0,26.0,19.0,11.0,12.0,14.0,11.0,,
121,H,03,28678592.0,Orion Orators,Active,Y,23.0,36.0,13.0,5.0,4.0,0.0,0.0,0.0,0.0,0.0,4.0,31.0,7.0,6.0,0.0,1.0,1.0,D,35.0,0.0,12.0,14.0,26.0,0.0,61.0,D,,1.0,1.0,1.0,1.0,36.0,5.0,D,5.0,5.0,5.0,6.0,4.0,3.0,4.0,4.0,2.0,,24.0,24.0,25.0,26.0,19.0,11.0,12.0,14.0,11.0,,
121,H,04,6048274.0,Mathrumalayalam Toastmasters Club,Active,Y,20.0,18.0,-2.0,7.0,2.0,2.0,0.0,2.0,1.0,1.0,4.0,2.0,7.0,7.0,1.0,1.0,1.0,,6.0,0.0,16.0,18.0,34.0,0.0,40.0,,,1.0,1.0,1.0,1.0,18.0,7.0,,4.0,4.0,4.0,5.0,4.0,2.0,3.0,3.0,2.0,Distinguished,24.0,24.0,25.0,26.0,19.0,11.0,12.0,14.0,11.0,,
121,H,04,7632625.0,Kottayam Toastmasters Club,Active,Y,14.0,15.0,1.0,6.0,3.0,2.0,1.0,1.0,1.0,0.0,4.0,4.0,7.0,6.0,1.0,1.0,1.0,,8.0,0.0,13.0,10.0,23.0,0.0,31.0,,,1.0,1.0,1.0,1.0,15.0,6.0,,4.0,4.0,4.0,5.0,4.0,2.0,3.0,3.0,2.0,Distinguished,24.0,24.0,25.0,26.0,19.0,11.0,12.0,14.0,11.0,,
121,H,04,7904546.0,Eloquent Champs Toastmasters Club,Active,Y,12.0,15.0,3.0,5.0,4.0,0.0,0.0,0.0,1.0,0.0,4.0,3.0,5.0,6.0,1.0,1.0,1.0,D,7.0,0.0,11.0,11.0,22.0,0.0,29.0,D,,1.0,1.0,1.0,1.0,15.0,5.0,D,4.0,4.0,4.0,5.0,4.0,2.0,3.0,3.0,2.0,Distinguished,24.0,24.0,25.0,26.0,19.0,11.0,12.0,14.0,11.0,,
121,H,04,28677133.0,Thodupuzha Toastmasters Club,Active,Y,11.0,14.0,3.0,7.0,5.0,2.0,1.0,1.0,1.0,1.0,4.0,3.0,5.0,4.0,1.0,1.0,1.0,D,7.0,0.0,8.0,8.0,16.0,0.0,23.0,D,,1.0,1.0,1.0,1.0,14.0,7.0,D,4.0,4.0,4.0,5.0,4.0,2.0,3.0,3.0,2.0,Distinguished,24.0,24.0,25.0,26.0,19.0,11.0,12.0,14.0,11.0,,
121,H,05,1522721.0,Kerala Toastmasters,Ineligible,Y,8.0,0.0,-8.0,1.0,0.0,0.0,0.0,0.0,0.0,0.0,4.0,2.0,4.0,1.0,0.0,0.0,1.0,,6.0,0.0,3.0,0.0,3.0,0.0,9.0,,,1.0,0.0,1.0,1.0,0.0,1.0,,5.0,5.0,5.0,6.0,3.0,3.0,4.0,4.0,2.0,,24.0,24.0,25.0,26.0,19.0,11.0,12.0,14.0,11.0,,
121,H,05,1593046.0,Chartered Toast Masters,Active,Y,21.0,17.0,-4.0,4.0,4.0,1.0,0.0,1.0,0.0,0.0,4.0,4.0,0.0,1.0,1.0,1.0,1.0,,8.0,0.0,12.0,11.0,23.0,0.0,31.0,,,1.0,1.0,1.0,1.0,17.0,4.0,,5.0,5.0,5.0,6.0,3.0,3.0,4.0,4.0,2.0,,24.0,24.0,25.0,26.0,19.0,11.0,12.0,14.0,11.0,,
121,H,05,1669119.0,Refinian Toastmasters Club,Low,Y,8.0,4.0,-4.0,2.0,0.0,0.0,0.0,0.0,0.0,0.0,4.0,3.0,0.0,0.0,1.0,0.0,1.0,,7.0,0.0,9.0,4.0,13.0,0.0,20.0,,,1.0,0.0,1.0,1.0,4.0,2.0,,5.0,5.0,5.0,6.0,3.0,3.0,4.0,4.0,2.0,,24.0,24.0,25.0,26.0,19.0,11.0,12.0,14.0,11.0,,
121,H,05,7679326.0,Litmus7 Kochi Toastmasters Club,Active,Y,23.0,21.0,-2.0,7.0,1.0,0.0,0.0,2.0,1.0,1.0,4.0,10.0,6.0,4.0,1.0,1.0,1.0,S,14.0,0.0,13.0,12.0,25.0,0.0,39.0,S,,1.0,1.0,1.0,1.0,21.0,7.0,S,5.0,5.0,5.0,6.0,3.0,3.0,4.0,4.0,2.0,,24.0,24.0,25.0,26.0,19.0,11.0,12.0,14.0,11.0,,
121,H,05,7980410.0,Queen City Toastmasters,Active,Y,20.0,20.0,0.0,8.0,1.0,2.0,3.0,3.0,1.0,0.0,4.0,5.0,6.0,6.0,1.0,1.0,1.0,S,9.0,0.0,19.0,16.0,35.0,0.0,44.0,S,,1.0,1.0,1.0,1.0,20.0,8.0,S,5.0,5.0,5.0,6.0,3.0,3.0,4.0,4.0,2.0,,24.0,24.0,25.0,26.0,19.0,11.0,12.0,14.0,11.0,,
121,I,01,9688.0,"Infosys Toastmasters, Bangalore",Active,Y,21.0,25.0,4.0,10.0,4.0,2.0,2.0,4.0,1.0,1.0,4.0,26.0,5.0,7.0,1.0,1.0,2.0,M,30.0,0.0,10.0,14.0,24.0,0.0,54.0,M,,1.0,1.0,1.0,1.0,25.0,10.0,M,4.0,4.0,4.0,5.0,4.0,2.0,3.0,3.0,3.0,Select Distinguished,17.0,17.0,18.0,19.0,17.0,8.0,9.0,10.0,11.0,Distinguished,
121,I,01,2104976.0,SIBM Bengaluru Toastmasters Club,Suspended,Y,16.0,0.0,-16.0,0.0,1.0,0.0,0.0,0.0,0.0,0.0,0.0,0.0,0.0,0.0,0.0,0.0,1.0,,0.0,0.0,0.0,0.0,0.0,0.0,0.0,, Susp 03/31/26,0.0,0.0,1.0,1.0,0.0,0.0,,4.0,4.0,4.0,5.0,4.0,2.0,3.0,3.0,3.0,Select Distinguished,17.0,17.0,18.0,19.0,17.0,8.0,9.0,10.0,11.0,Distinguished, Susp 03/31/26
121,I,01,7641558.0,Toast and Tales Toastmasters Club,Active,Y,27.0,26.0,-1.0,10.0,5.0,2.0,2.0,2.0,1.0,2.0,4.0,16.0,6.0,7.0,1.0,1.0,2.0,M,20.0,0.0,23.0,18.0,41.0,0.0,61.0,M,,1.0,1.0,1.0,1.0,26.0,10.0,M,4.0,4.0,4.0,5.0,4.0,2.0,3.0,3.0,3.0,Select Distinguished,17.0,17.0,18.0,19.0,17.0,8.0,9.0,10.0,11.0,Distinguished,
121,I,01,28677529.0,HPE Element Toastmasters,Active,Y,32.0,45.0,13.0,10.0,6.0,2.0,2.0,2.0,1.0,1.0,4.0,33.0,7.0,7.0,1.0,0.0,2.0,M,37.0,0.0,23.0,31.0,54.0,0.0,91.0,M,,1.0,1.0,1.0,1.0,45.0,10.0,M,4.0,4.0,4.0,5.0,4.0,2.0,3.0,3.0,3.0,Select Distinguished,17.0,17.0,18.0,19.0,17.0,8.0,9.0,10.0,11.0,Distinguished,
121,I,01,28679397.0,TechM Bengaluru Toastmasters Club,Active,Y,20.0,9.0,-11.0,3.0,0.0,1.0,0.0,3.0,0.0,0.0,3.0,0.0,0.0,6.0,1.0,0.0,2.0,,3.0,0.0,0.0,8.0,8.0,18.0,29.0,,Charter 10/21/25,0.0,1.0,1.0,1.0,9.0,3.0,,4.0,4.0,4.0,5.0,4.0,2.0,3.0,3.0,3.0,Select Distinguished,17.0,17.0,18.0,19.0,17.0,8.0,9.0,10.0,11.0,Distinguished,Charter 10/21/25
121,I,02,3674956.0,CGI Elite Speakers Forum,Active,Y,24.0,20.0,-4.0,6.0,1.0,0.0,0.0,2.0,1.0,0.0,4.0,17.0,7.0,5.0,0.0,1.0,2.0,D,21.0,0.0,15.0,16.0,31.0,0.0,52.0,D,,1.0,1.0,1.0,1.0,20.0,6.0,D,5.0,5.0,5.0,6.0,5.0,3.0,4.0,4.0,4.0,Select Distinguished,17.0,17.0,18.0,19.0,17.0,8.0,9.0,10.0,11.0,Distinguished,
121,I,02,4304110.0,Siemens Bangalore Toastmasters Club,Active,Y,23.0,23.0,0.0,9.0,5.0,2.0,2.0,1.0,1.0,1.0,4.0,12.0,7.0,7.0,1.0,1.0,2.0,P,16.0,0.0,20.0,17.0,37.0,0.0,53.0,P,,1.0,1.0,1.0,1.0,23.0,9.0,P,5.0,5.0,5.0,6.0,5.0,3.0,4.0,4.0,4.0,Select Distinguished,17.0,17.0,18.0,19.0,17.0,8.0,9.0,10.0,11.0,Distinguished,
121,I,02,5185978.0,Electronics City Toastmasters Club,Active,Y,31.0,44.0,13.0,10.0,8.0,2.0,10.0,6.0,1.0,5.0,4.0,16.0,7.0,7.0,1.0,1.0,2.0,M,20.0,0.0,33.0,42.0,75.0,0.0,95.0,M,,1.0,1.0,1.0,1.0,44.0,10.0,M,5.0,5.0,5.0,6.0,5.0,3.0,4.0,4.0,4.0,Select Distinguished,17.0,17.0,18.0,19.0,17.0,8.0,9.0,10.0,11.0,Distinguished,
121,I,02,6920786.0,Merck Toastmasters Club,Suspended,Y,8.0,5.0,-3.0,1.0,0.0,0.0,0.0,0.0,0.0,0.0,4.0,1.0,3.0,0.0,0.0,0.0,1.0,,5.0,0.0,3.0,4.0,7.0,0.0,12.0,, Susp 03/31/26,0.0,0.0,1.0,1.0,5.0,1.0,,5.0,5.0,5.0,6.0,5.0,3.0,4.0,4.0,4.0,Select Distinguished,17.0,17.0,18.0,19.0,17.0,8.0,9.0,10.0,11.0,Distinguished, Susp 03/31/26
121,I,02,28678701.0,Tavant Speakers Club,Active,Y,30.0,20.0,-10.0,5.0,7.0,2.0,0.0,0.0,0.0,0.0,4.0,8.0,7.0,5.0,0.0,0.0,2.0,D,12.0,0.0,21.0,12.0,33.0,0.0,45.0,D,,1.0,1.0,1.0,1.0,20.0,5.0,D,5.0,5.0,5.0,6.0,5.0,3.0,4.0,4.0,4.0,Select Distinguished,17.0,17.0,18.0,19.0,17.0,8.0,9.0,10.0,11.0,Distinguished,
121,I,02,28679581.0,Movius Toastmasters Club,Active,N,24.0,24.0,0.0,2.0,0.0,0.0,0.0,0.0,0.0,0.0,0.0,0.0,0.0,5.0,1.0,1.0,1.0,,0.0,0.0,0.0,24.0,24.0,24.0,48.0,,Charter 12/11/25,0.0,1.0,0.0,1.0,24.0,2.0,,5.0,5.0,5.0,6.0,5.0,3.0,4.0,4.0,4.0,Select Distinguished,17.0,17.0,18.0,19.0,17.0,8.0,9.0,10.0,11.0,Distinguished,Charter 12/11/25
121,I,03,4958536.0,DB Bangalore Toastmasters Club,Active,Y,8.0,8.0,0.0,5.0,1.0,2.0,0.0,0.0,1.0,0.0,4.0,2.0,7.0,4.0,1.0,0.0,1.0,,6.0,0.0,11.0,7.0,18.0,0.0,24.0,,,1.0,1.0,1.0,1.0,8.0,5.0,,4.0,4.0,4.0,5.0,4.0,2.0,3.0,3.0,2.0,Distinguished,17.0,17.0,18.0,19.0,17.0,8.0,9.0,10.0,11.0,Distinguished,
121,I,03,5843852.0,HSR Toastmasters Club,Active,Y,50.0,48.0,-2.0,10.0,8.0,2.0,8.0,5.0,1.0,1.0,4.0,14.0,7.0,7.0,1.0,1.0,2.0,M,18.0,0.0,46.0,43.0,89.0,0.0,107.0,M,,1.0,1.0,1.0,1.0,48.0,10.0,M,4.0,4.0,4.0,5.0,4.0,2.0,3.0,3.0,2.0,Distinguished,17.0,17.0,18.0,19.0,17.0,8.0,9.0,10.0,11.0,Distinguished,
121,I,03,28675609.0,Greenage Toastmasters Club,Active,Y,25.0,24.0,-1.0,8.0,5.0,1.0,0.0,4.0,1.0,1.0,4.0,6.0,6.0,7.0,1.0,1.0,2.0,S,10.0,0.0,21.0,20.0,41.0,0.0,51.0,S,,1.0,1.0,1.0,1.0,24.0,8.0,S,4.0,4.0,4.0,5.0,4.0,2.0,3.0,3.0,2.0,Distinguished,17.0,17.0,18.0,19.0,17.0,8.0,9.0,10.0,11.0,Distinguished,
121,I,03,28677107.0,Ascent Toastmasters Club,Active,Y,13.0,11.0,-2.0,4.0,0.0,0.0,0.0,0.0,0.0,0.0,4.0,4.0,7.0,4.0,0.0,1.0,1.0,,8.0,0.0,3.0,9.0,12.0,0.0,20.0,,,1.0,1.0,1.0,1.0,11.0,4.0,,4.0,4.0,4.0,5.0,4.0,2.0,3.0,3.0,2.0,Distinguished,17.0,17.0,18.0,19.0,17.0,8.0,9.0,10.0,11.0,Distinguished,
121,I,04,3283460.0,Wipro BEATS,Active,Y,20.0,16.0,-4.0,9.0,5.0,2.0,2.0,4.0,1.0,0.0,4.0,7.0,7.0,4.0,1.0,1.0,2.0,,11.0,0.0,16.0,12.0,28.0,0.0,39.0,,,1.0,1.0,1.0,1.0,16.0,9.0,,4.0,4.0,4.0,5.0,4.0,2.0,3.0,3.0,2.0,Distinguished,17.0,17.0,18.0,19.0,17.0,8.0,9.0,10.0,11.0,Distinguished,
121,I,04,7586759.0,MOOG Flyers,Active,Y,26.0,29.0,3.0,5.0,1.0,2.0,0.0,0.0,0.0,0.0,4.0,8.0,7.0,6.0,1.0,0.0,2.0,D,12.0,0.0,25.0,27.0,52.0,0.0,64.0,D,,1.0,1.0,1.0,1.0,29.0,5.0,D,4.0,4.0,4.0,5.0,4.0,2.0,3.0,3.0,2.0,Distinguished,17.0,17.0,18.0,19.0,17.0,8.0,9.0,10.0,11.0,Distinguished,
121,I,04,28677664.0,Tessolve Toastmasters Club,Active,Y,11.0,12.0,1.0,3.0,1.0,1.0,0.0,0.0,0.0,0.0,4.0,3.0,7.0,6.0,1.0,1.0,2.0,,7.0,0.0,9.0,12.0,21.0,0.0,28.0,,,1.0,1.0,1.0,1.0,12.0,3.0,,4.0,4.0,4.0,5.0,4.0,2.0,3.0,3.0,2.0,Distinguished,17.0,17.0,18.0,19.0,17.0,8.0,9.0,10.0,11.0,Distinguished,
121,I,04,28678026.0,Brighthearts Toastmasters,Active,Y,39.0,41.0,2.0,10.0,9.0,2.0,2.0,6.0,1.0,2.0,4.0,22.0,7.0,7.0,1.0,1.0,2.0,M,26.0,0.0,41.0,32.0,73.0,0.0,99.0,M,,1.0,1.0,1.0,1.0,41.0,10.0,M,4.0,4.0,4.0,5.0,4.0,2.0,3.0,3.0,2.0,Distinguished,17.0,17.0,18.0,19.0,17.0,8.0,9.0,10.0,11.0,Distinguished,
